"","baseMean","log2FoldChange","lfcSE","stat","pvalue","padj"
"AT5G64120",1784.14065466924,-3.70871014006426,0.246015055590573,-15.075134857748,2.36033449985294e-51,2.94074075336678e-47
"AT2G19190",354.894297100683,-4.50211854389892,0.327844561252418,-13.7324789732675,6.48751966305432e-43,4.04140037409969e-39
"AT4G12490",2532.5605633075,-3.83225748209019,0.289453541179763,-13.239628945186,5.18041308118704e-40,2.15142555261698e-36
"AT4G12500",2997.59546509607,-4.36189736961762,0.331760485648753,-13.1477302400495,1.75359740633646e-39,5.4620175213865e-36
"AT2G43620",2087.95227499298,-3.15326242596476,0.250543287771132,-12.5856990782576,2.5309221069416e-36,6.30655170607709e-33
"AT3G46280",586.430551515215,-4.86409766137423,0.396236843164746,-12.2757329240882,1.22279434160503e-34,2.53913245034285e-31
"AT1G51800",448.545564786024,-3.94080009763336,0.331858268716195,-11.8749492452862,1.59730976727723e-32,2.84298319864386e-29
"AT2G39530",223.262350165516,-4.31459288720478,0.388219114886732,-11.1138084698988,1.07475761555227e-28,1.67380064152071e-25
"AT2G39200",1095.58202464292,-3.91381456333087,0.352919667473827,-11.089817100151,1.40574887234213e-28,1.94602502227895e-25
"AT1G51820",176.638382452173,-4.34818167541296,0.400095854154882,-10.8678498671214,1.64020689377793e-27,2.04353376895792e-24
"AT3G45060",299.750494388999,-3.13611914141714,0.313013874106957,-10.0191058634849,1.2563435817464e-23,1.42298042590713e-20
"AT2G39380",115.195762347453,-4.9246793093718,0.500593245753995,-9.83768628750522,7.74719630412969e-23,8.04352656276265e-20
"AT2G17740",234.215061376085,-4.12235062214014,0.426394222273818,-9.66793264729767,4.12629011271093e-22,3.95457296263581e-19
"AT5G48430",228.596375486297,-6.2282178926216,0.672374247388436,-9.26302266455411,1.98725172739968e-20,1.76851209083376e-17
"AT4G20860",661.279294142786,-3.44868102000737,0.37387688065592,-9.22410878671369,2.85928686310195e-20,2.37492366849248e-17
"AT3G22060",796.284300443478,-2.77210273532901,0.301274929931437,-9.20123933299021,3.53844773794769e-20,2.75534502294314e-17
"AT5G37600",1948.10496111459,-2.33522511827076,0.25677556662868,-9.09442104998918,9.5091732733182e-20,6.96910528307479e-17
"AT2G45180",4537.81329834368,1.89010658506124,0.208699499531021,9.05659375948956,1.34587749044196e-19,9.31571536300911e-17
"AT2G44370",77.1254904431732,-5.43822451726851,0.605244120268837,-8.98517529563602,2.5832217934145e-19,1.69391370127112e-16
"AT2G45220",454.694564001294,-3.47821568373473,0.388180100033344,-8.96031425473886,3.23754386256041e-19,2.01682794918201e-16
"AT3G21230",205.695485146415,-3.05368657573831,0.341686660162073,-8.93709626910761,3.99530276221711e-19,2.37035605306967e-16
"AT4G01700",404.481612847179,-3.10317877451302,0.358529316788149,-8.65529994119464,4.91617096816569e-18,2.78411700419892e-15
"AT1G51850",89.3896592076596,-5.2885931508226,0.618439264361778,-8.55151581664266,1.21482424524821e-17,6.5806501180641e-15
"AT2G35930",186.543772964878,-3.07995834350332,0.364338525939428,-8.45356206995076,2.82547622054915e-17,1.46677534299258e-14
"AT1G51890",135.38429275071,-2.98650987255674,0.356984293191946,-8.36594194622152,5.96365564582345e-17,2.97204742765257e-14
"AT1G30720",248.842260835112,-3.68285210487057,0.444139972197977,-8.29209784168881,1.11268342526431e-16,5.33189338283387e-14
"AT3G55150",62.8752195492458,-5.82277347950583,0.713510083114847,-8.16074449023391,3.32965853324092e-16,1.53645243206106e-13
"AT5G39580",206.312368730059,-3.38578857519298,0.415928080374813,-8.14032217334758,3.94227457790522e-16,1.75417139164718e-13
"AT1G02930",2936.66554381234,-2.22597992229808,0.273638303029333,-8.13475269235048,4.12780123270441e-16,1.77338881235394e-13
"AT1G65845",1198.03843720321,-3.5151826770348,0.435026622469315,-8.08038518903002,6.45625163672737e-16,2.68128130473288e-13
"AT1G02920",1160.1337418333,-3.07595693749852,0.382111680016385,-8.04988985776781,8.28685785586358e-16,3.33051490407111e-13
"AT5G13220",1642.93269484333,-3.87960793982755,0.483298097119977,-8.02736026263404,9.95923042996593e-16,3.87756412271705e-13
"AT4G12480",1805.87943812407,-2.31591537582997,0.297831293270167,-7.775930293964,7.4894941722643e-15,2.82762448158306e-12
"AT2G30750",103.717170160922,-4.62071797060432,0.601949194899785,-7.67625907594011,1.63801683959137e-14,6.00236817778497e-12
"AT1G76930",32682.1491273446,-2.37548879515969,0.314278111553036,-7.55855628449903,4.07567647776189e-14,1.45082437818387e-11
"AT1G30730",118.924487428703,-3.39528547494421,0.454027932375865,-7.47814227458903,7.53805664610581e-14,2.60879577093978e-11
"AT5G44380",162.25821509336,-3.42570204057985,0.463275160148667,-7.39452993655115,1.41909382724528e-13,4.7785108090943e-11
"AT5G44390",83.5628367270917,-3.1991378785895,0.437569345630929,-7.31115630135534,2.64853230617389e-13,8.68370105332118e-11
"AT4G36670",593.443636757695,-2.7756490820454,0.382815398049278,-7.25062026289786,4.14867320804047e-13,1.32534152561477e-10
"AT3G16530",286.676529875591,-1.93563349489048,0.268133481701325,-7.21891754289227,5.24030164699003e-13,1.63222295549622e-10
"AT1G17380",161.730936414999,-2.616844154011,0.363499239192824,-7.19903612404222,6.06396856375351e-13,1.84270693501963e-10
"AT1G65500",142.528472659045,-3.42585392099059,0.477160774684448,-7.1796637585228,6.98830730659003e-13,2.07303144601917e-10
"AT5G44575",315.474240646549,-2.38604540801414,0.336475873506351,-7.09128230547294,1.32874972406765e-12,3.84997507259508e-10
"AT3G44860",1232.51433244027,-2.41182055202264,0.340297724910877,-7.08738370982141,1.36671060235038e-12,3.8699653169735e-10
"AT1G29660",91.4189518822853,2.66960658953651,0.38528070020792,6.92899122145448,4.23852101997225e-12,1.17350518639632e-09
"AT5G19230",695.172017390858,-2.70755284166862,0.396849138440284,-6.82262497106578,8.93918049910763e-12,2.42115760518222e-09
"AT3G52450",91.746896901099,-3.09948226189784,0.455208407494216,-6.80893017543227,9.8327184929798e-12,2.60650722774543e-09
"AT1G53625",348.74690534913,-2.68374162848601,0.394511972347442,-6.80268741279788,1.02685298559649e-11,2.6653252807389e-09
"AT2G35980",241.541969360194,-2.6382595569453,0.388125951864692,-6.79743146334374,1.06500784887564e-11,2.70794546717175e-09
"AT3G13790",960.133544918455,-1.93303163372555,0.288244824761888,-6.7062145359327,1.99738009583545e-11,4.97707172280276e-09
"AT5G50200",657.671034634117,-2.37153789996606,0.356038421853104,-6.66090442605243,2.7214758384903e-11,6.64840538661778e-09
"AT1G14870",116.701541125851,-2.55697422027323,0.384396275847975,-6.65192245849044,2.89289113561466e-11,6.93125589588905e-09
"AT1G30700",219.822706388301,-3.86149420422234,0.580805946300877,-6.64851010706071,2.96074653494688e-11,6.93866521600361e-09
"AT4G22470",11813.3961295211,-2.38071935905067,0.358207079347768,-6.64620968235897,3.00736753884096e-11,6.93866521600361e-09
"AT1G52200",419.349647949589,-2.30422109356939,0.347750467800563,-6.62607618659159,3.44727299204983e-11,7.80901349235434e-09
"AT2G23320",148.50752189672,-2.17479120473257,0.328455955574386,-6.62125672505894,3.56157792296124e-11,7.92387488253109e-09
"AT1G09750",187.877410494539,2.35341011867144,0.360677680511784,6.5249674316749,6.80163117016031e-11,1.48669338156188e-08
"AT5G36925",153.136138283258,-2.85740225633283,0.440953198780387,-6.48005789330023,9.16874309352769e-11,1.94204219815532e-08
"AT5G40780",491.910821056996,-1.79010624443218,0.276268013163523,-6.47960009533431,9.19660403653293e-11,1.94204219815532e-08
"AT1G69140",747.727230144697,2.70619693834184,0.418620569727359,6.46455796499525,1.01595348675707e-10,2.07504335926333e-08
"AT2G30490",419.731054671167,-1.778330336795,0.275026285646418,-6.46603771932286,1.00605975614557e-10,2.07504335926333e-08
"AT3G62550",595.704433817339,1.75693950562957,0.272562872604474,6.4459971706386,1.14842804105443e-10,2.3077846715318e-08
"AT1G65390",87.2236510812473,-3.29074277581689,0.51352405921397,-6.40815696318862,1.47289232531341e-10,2.91281991763171e-08
"AT4G21120",151.806626116758,-2.12748248824186,0.332668020973934,-6.3952119052903,1.60324856520649e-10,3.12107404279807e-08
"AT4G23550",87.8957563754117,-3.43686787660947,0.541324874312205,-6.34899307181529,2.16728793015654e-10,4.15419081874158e-08
"AT3G14210",736.230953587106,2.41159740564639,0.381107278475061,6.32787023983379,2.4856802607528e-10,4.6922864195029e-08
"AT1G56140",99.4349702528092,-2.25718144497483,0.360522636370417,-6.26085914520966,3.82862230647593e-10,7.11952318154979e-08
"AT1G61560",55.0080488351943,-2.96981483962891,0.477592985952688,-6.21829659768727,5.02580890611754e-10,9.20831664137035e-08
"AT1G64170",104.746279051836,-3.35291926182249,0.540215116765478,-6.20663724091616,5.41303506525169e-10,9.77405853303925e-08
"AT1G20010",276.562402013216,1.72103602786012,0.277540125287955,6.20103498935335,5.60930401474055e-10,9.98375981709322e-08
"AT3G27690",838.10336379969,2.15043330466658,0.348164625360855,6.17648419174626,6.55447690267936e-10,1.15017222155609e-07
"AT4G35100",172.898095618383,2.07625582169035,0.336522109587596,6.16974564980226,6.83999329492338e-10,1.18360383974237e-07
"AT1G02360",80.5447818757484,-3.14362645799845,0.509730250875873,-6.16723542029679,6.94942555734466e-10,1.18606702765695e-07
"AT2G37040",471.568932899411,-2.13956247401225,0.347809482656513,-6.15153577087841,7.67362137363504e-10,1.2919682255962e-07
"AT1G05300",150.438541626639,-2.81470468280031,0.457798578269176,-6.14834736587,7.82944196988163e-10,1.30062690003674e-07
"AT1G30755",130.14326820523,-2.24833117226821,0.367104687088448,-6.12449595808758,9.09711230479067e-10,1.49132792375509e-07
"AT2G39210",257.062939878695,-2.14693506278942,0.352268150063807,-6.09460452896619,1.09708327096916e-09,1.77513772376685e-07
"AT2G27660",286.25540183624,-2.61782094083061,0.43042043814115,-6.08200891234662,1.18685969436328e-09,1.87178290279394e-07
"AT4G30190",1554.56572664785,-2.36705496137756,0.389146342972565,-6.08268586901367,1.1818576221676e-09,1.87178290279394e-07
"AT2G10940",2272.07124175558,2.63497670852663,0.434355132158846,6.06641090075345,1.30800234668506e-09,2.03705015466865e-07
"AT1G17860",82.9134503783041,-2.468853829088,0.407137146851768,-6.06393655842674,1.32829567266241e-09,2.04311552909889e-07
"AT1G53310",380.794871866259,-1.46116723137079,0.242224322055443,-6.03228948675245,1.61652855960119e-09,2.45613772244771e-07
"AT1G64400",129.70477675243,-2.23775347151963,0.371412458598111,-6.02498225279245,1.691281810651e-09,2.53875663601215e-07
"AT4G12470",1911.70435099741,-2.2309680531834,0.373329756836455,-5.9758645335114,2.28873133225126e-09,3.39467900815695e-07
"AT3G14050",231.36952352026,-1.94874575889348,0.327335643775648,-5.95335642771957,2.62698315078997e-09,3.85053918537556e-07
"AT5G06570",182.702090058596,-2.43482203855997,0.40933075131574,-5.94829983023154,2.7094195650492e-09,3.92519283266838e-07
"AT4G01250",92.0810448343148,-3.31185454760144,0.55778405084054,-5.93752105785512,2.89363888710589e-09,4.1438904476382e-07
"AT3G51440",231.722849663716,-1.70809240033746,0.288023721524651,-5.93038792532676,3.02219809280451e-09,4.27881432252857e-07
"AT5G55930",282.918814494078,-2.40888346522659,0.407121977781343,-5.9168593116836,3.28147147048302e-09,4.59369135401663e-07
"AT5G64750",129.616879749767,-1.9943107719692,0.337485038369053,-5.90933091910387,3.43500044675937e-09,4.75518561846388e-07
"AT4G37520",234.361906188396,-2.09529752814463,0.355156865382712,-5.89963965890613,3.64296303570158e-09,4.98765675404461e-07
"AT3G53180",354.303326786028,-1.52087185299563,0.25990830202369,-5.85157088540023,4.86951661440451e-09,6.59448994552889e-07
"AT1G21120",53.4805530978779,-3.14944309490553,0.54044246302859,-5.82752709188753,5.62547198849738e-09,7.53631779620311e-07
"AT4G01750",89.319575311816,-2.77469893732997,0.477091526757586,-5.81586295650104,6.03218721086633e-09,7.99521494257272e-07
"AT4G37530",469.403921906466,-2.09621835531855,0.362286989845852,-5.78607130278253,7.20516401014136e-09,9.44938298972118e-07
"AT2G38870",1300.81588814053,-2.19467906315547,0.380864189517688,-5.76236654313634,8.29426225958073e-09,1.07643972387621e-06
"AT3G18250",96.3937738076186,-3.02426657981939,0.525285792714419,-5.75737364643248,8.54326711460476e-09,1.09732541217382e-06
"AT2G36690",31.1074490691358,-5.20834517887876,0.908009214936215,-5.73600475986869,9.69359381276423e-09,1.23237229911459e-06
"AT2G15970",938.672611719578,1.43255575153004,0.250956238607844,5.70838867954433,1.14050733981899e-08,1.43531120674796e-06
"AT3G55800",441.649197028743,1.54357017379237,0.271182629470433,5.69199501017695,1.25563524435516e-08,1.56439595094209e-06
"AT3G18050",334.460502742978,1.81951832847148,0.319924186895502,5.68734219856217,1.29031738796933e-08,1.58754186661542e-06
"AT5G42830",97.1062404792593,-3.26358518459917,0.573957981091091,-5.68610471866794,1.29969716987537e-08,1.58754186661542e-06
"AT1G36622",97.1772865392258,-3.14281226301286,0.555282389937626,-5.6598450085296,1.51509766729767e-08,1.83267978998657e-06
"AT1G22900",237.774294777578,-2.70087289276699,0.479118305336545,-5.63717324653215,1.72864183744735e-08,2.07087967814967e-06
"AT5G61560",113.857318498495,-2.0073852977405,0.356531546777243,-5.63031607128636,1.79879674476943e-08,2.13440082315069e-06
"AT3G17170",238.372158377337,2.14814995116128,0.382799803319285,5.6116798716575,2.00371863981426e-08,2.3551255220232e-06
"AT2G38940",40.6723811582472,-3.24526348614311,0.578881970256871,-5.60608837878137,2.06950317735789e-08,2.38740185987981e-06
"AT2G44380",45.2799280704798,-3.59715189073473,0.641551608674271,-5.60695638838477,2.05915519843659e-08,2.38740185987981e-06
"AT5G25260",116.041427176284,-1.98759864438857,0.355332327621693,-5.5936330299355,2.22366700015117e-08,2.54171258301683e-06
"AT1G19020",315.673686782693,-2.11059300231835,0.378510687385684,-5.57604599462143,2.46046897688626e-08,2.78681663482054e-06
"AT1G55450",300.484555229952,-1.82936959479764,0.328727156244606,-5.56500903575001,2.62138826925156e-08,2.94233121140587e-06
"AT4G23300",166.156509784811,-1.76098278035651,0.319822030731031,-5.50613344656513,3.66800528022716e-08,4.08032837378126e-06
"AT4G20830",1564.67529112669,-1.87949079104534,0.343249283847667,-5.47558546947894,4.36067421633322e-08,4.80793274878722e-06
"AT3G55970",1904.2963733939,-1.33493814141041,0.244144775137951,-5.4678136800434,4.55620435747365e-08,4.97945176226002e-06
"AT2G39518",302.219315969927,-2.93837369508236,0.537885579619645,-5.46282296164209,4.6862189956775e-08,5.0770089101866e-06
"AT3G14060",134.038674926564,-2.112062966637,0.387248093608709,-5.45403063693611,4.92407125553714e-08,5.2887072217877e-06
"AT5G13420",353.268259343981,-1.65737129205382,0.306644711341687,-5.40485855699971,6.48595543635647e-08,6.90671100697138e-06
"AT1G19180",1010.72558579883,-1.91032134858727,0.353618486481275,-5.40221006994336,6.58247972275243e-08,6.95009448015022e-06
"AT4G21410",61.2563315939611,-3.08302695381047,0.575839833066614,-5.35396611483426,8.60469807922155e-08,9.00890196378331e-06
"AT2G37220",1991.39227305163,1.33742934124915,0.250870957850524,5.33114455618265,9.75956904588016e-08,1.01328725618851e-05
"AT5G46050",233.561962416958,-1.73125162376129,0.325124705219624,-5.32488487022793,1.01017000546542e-07,1.04014116513171e-05
"AT1G68620",31.9526133243679,-3.23653874416107,0.60903509875651,-5.31420726123869,1.07122638725276e-07,1.07632335151469e-05
"AT2G27690",187.713685250973,-2.54340101669972,0.478387377287867,-5.31661397739859,1.05716012645212e-07,1.07632335151469e-05
"AT5G05690",340.187868236842,1.4440726553845,0.271681315896902,5.31531824563342,1.06471077878361e-07,1.07632335151469e-05
"AT5G05190",59.4275838177521,-2.43412362438119,0.459197561563951,-5.3008200132661,1.15283699752637e-07,1.14905569217449e-05
"AT2G45290",116.919154156853,-2.62359097154318,0.498407241706797,-5.26395034421787,1.40992545290302e-07,1.39414771569196e-05
"AT3G20820",71.2497428315318,2.35437059301123,0.448487697760761,5.24957675487263,1.52449069921738e-07,1.49556138752357e-05
"AT1G26420",52.9025096796923,-3.22750778554774,0.615746353622143,-5.24161899873519,1.59173772476373e-07,1.54209774657854e-05
"AT3G25780",232.74206030084,-1.98100714690946,0.377979288831667,-5.24104681246624,1.59668199140085e-07,1.54209774657854e-05
"AT1G13110",229.756548655342,-1.62026483232499,0.310420784373336,-5.21957585925155,1.79333349962729e-07,1.71870323629665e-05
"AT5G09660",486.611064985304,1.42846767995595,0.274196723395777,5.20964533151656,1.89201956055513e-07,1.79944058816461e-05
"AT2G38240",1522.21904390078,-1.34291958049508,0.258487323085708,-5.19530151213569,2.04388305157155e-07,1.92914688935833e-05
"AT5G24110",31.8390129353204,-3.66997809817626,0.708397042207225,-5.18067958999566,2.21078960366168e-07,2.07099456180608e-05
"AT3G54050",430.827806721715,1.49914213489851,0.289459859576495,5.17910199048631,2.2295655588421e-07,2.07299681325476e-05
"AT2G42360",95.0302244349065,-2.28339998403919,0.441644398650812,-5.17022290108238,2.33814936325605e-07,2.15785206791164e-05
"AT1G72450",287.369008164558,-1.55466764570805,0.300945156481856,-5.16595004844938,2.39220677263268e-07,2.19150766031108e-05
"AT1G67090",10498.0370033397,1.04684036688222,0.203298950785411,5.14926595950409,2.61507853499354e-07,2.378194413685e-05
"AT5G64905",32.6194119189045,-4.00644384804047,0.778595394087095,-5.14573278812937,2.66478517532315e-07,2.40583757241675e-05
"AT1G14150",325.196741194633,1.7013266001575,0.33085166665394,5.14226395581991,2.7144737720705e-07,2.4096391986397e-05
"AT1G68010",497.601389438644,1.45771323615513,0.283597922721599,5.14007021689695,2.74635818449985e-07,2.4096391986397e-05
"AT5G38900",43.5361167035464,-2.68819755719922,0.522979997499995,-5.14015367709976,2.74513855939788e-07,2.4096391986397e-05
"AT5G51720",207.737766863043,1.66489617876935,0.323808557762342,5.1416064796882,2.72399200340685e-07,2.4096391986397e-05
"AT5G48540",161.114714053418,-1.90333370048781,0.373698723033288,-5.09323041041877,3.52013464492321e-07,3.06694807979708e-05
"AT5G58350",242.075972719015,-1.63920393912862,0.32385417691506,-5.06154947496184,4.1586278970012e-07,3.59807951171791e-05
"AT3G48520",690.438275367737,-1.19038876801,0.235708846916246,-5.05025069522731,4.41230617525594e-07,3.79123604396646e-05
"AT1G49000",73.6891509548078,-2.65145739939771,0.525864543488038,-5.04209198401303,4.60469833177942e-07,3.92944770655067e-05
"AT1G07160",48.7452215644122,-5.06203672568002,1.0066599122493,-5.02854704362798,4.94210274013517e-07,4.18198164851155e-05
"AT3G51330",367.775575482617,-2.35727123625062,0.46887041183701,-5.02755383308355,4.96776052636415e-07,4.18198164851155e-05
"AT5G04860",35.9343423202353,-2.97737325875494,0.593576216725656,-5.01599150178055,5.27606607977598e-07,4.41171189851872e-05
"AT5G38710",190.085365145768,-1.85763315039777,0.371311606066661,-5.00289546582143,5.64755686131536e-07,4.69086072900854e-05
"AT5G26920",98.3817338690894,-2.28626606944579,0.458349035593251,-4.98804599094799,6.09930507741277e-07,5.03253258009839e-05
"AT1G75750",600.698945279148,1.4189680777027,0.284757238496697,4.98307992166863,6.25800870000461e-07,5.12950857851036e-05
"AT1G80450",175.591127483252,-1.98450459870993,0.398705248745503,-4.97737264546687,6.44531618529747e-07,5.24850943481185e-05
"AT1G51790",147.047117899654,-2.47842360033274,0.499676121289275,-4.96006011641673,7.04713674670973e-07,5.70131667060107e-05
"AT5G67080",19.6217996320742,-4.2686547664343,0.865484775665787,-4.93209688541381,8.13515458195697e-07,6.53908973784528e-05
"AT4G21400",41.2299311429653,-2.54430699766894,0.516847670181577,-4.92274057610647,8.53405525360112e-07,6.81575605157797e-05
"AT1G15520",59.9200354820852,-3.03176077487448,0.617096982215997,-4.91294053000781,8.97204973608953e-07,7.1199215071299e-05
"AT3G22142",897.792477862458,1.88923320035395,0.384888787297597,4.90851711638249,9.17676213612389e-07,7.19077229270236e-05
"AT5G54630",155.665354732422,2.22716047495732,0.453732698786097,4.90852980381578,9.17616858994537e-07,7.19077229270236e-05
"AT1G30135",39.720557431513,-3.15022936539024,0.644512964847261,-4.88776725560019,1.01985997066583e-06,7.9415221090785e-05
"AT5G11420",101.533732926459,2.22769782409494,0.456078087596998,4.8844658067927,1.03709637399773e-06,7.97603933557887e-05
"AT5G61890",318.031179520596,-1.88114091561262,0.385125502452821,-4.88448805293819,1.03697929715156e-06,7.97603933557887e-05
"AT1G22410",456.947478650154,-1.26019202191083,0.259027216278891,-4.86509502752017,1.14401828002306e-06,8.74437039926828e-05
"AT3G54420",114.487024962412,-1.92794215251282,0.396768641635172,-4.85910918909152,1.17915093245289e-06,8.95795211428696e-05
"AT1G52890",380.00320770346,-1.19259777931252,0.245657870094052,-4.85471024745076,1.20562896394293e-06,9.10359470409998e-05
"AT5G05600",2990.31357774033,-1.40255831485822,0.290418005657808,-4.8294468233172,1.36912870616166e-06,0.000102758882831735
"AT1G12090",1846.18906406153,1.86285028090447,0.387377463478187,4.80887624225297,1.51781133395198e-06,0.000113235996465316
"AT5G16030",180.969789758711,2.87542626498318,0.599686316524346,4.79488390138454,1.62769070396191e-06,0.000120710705242033
"AT2G39420",77.3668128681867,-2.67710811353607,0.558479683878603,-4.7935640110375,1.63844147839971e-06,0.000120789008162024
"AT5G38410",2753.53743219116,1.13450603363037,0.236817875116984,4.79062669179828,1.66261204205113e-06,0.000121849902540677
"AT2G25735",77.0993419057052,-2.48559138649183,0.519151406890149,-4.78779668802435,1.68622345667142e-06,0.000122857649395727
"AT1G70700",880.395905675539,-1.26560962373764,0.264814261522824,-4.77923513809154,1.75963307970976e-06,0.000127460863605255
"AT3G49620",69.1631454651635,-2.47522324620119,0.518273458774109,-4.77590199593845,1.7890351194459e-06,0.0001288415523305
"AT5G08050",176.997890429182,1.53620241394476,0.322452292074578,4.76412310193616,1.89676687380222e-06,0.000135815048739666
"AT5G67360",673.040659772323,1.23724542091301,0.261071314200277,4.73910902353629,2.14659991984427e-06,0.000152825648007655
"AT3G43270",615.523712485636,-1.74970663001307,0.369425221818734,-4.7362944560174,2.17661278150393e-06,0.00015408192411794
"AT4G15233",35.026163815778,-2.75022654012669,0.582360452856748,-4.72255031507643,2.32905443888269e-06,0.000163941747197963
"AT4G23810",153.873500306422,-2.07052771308272,0.44024009557597,-4.70317841080293,2.56142407682878e-06,0.000177293236517832
"AT4G32650",49.408637949206,-2.5045620668851,0.532477232822994,-4.7036040463305,2.55608740090867e-06,0.000177293236517832
"AT5G01540",74.9051062378183,-2.14893730908222,0.456728584391931,-4.70506419462058,2.53786085089502e-06,0.000177293236517832
"AT3G53420",1114.90607526555,1.29631118217363,0.275964574862275,4.6973825637605,2.63516604122704e-06,0.000181389688992528
"AT1G61360",80.7794895395862,-2.19151872254142,0.4670863232046,-4.69189229842095,2.70689624501111e-06,0.000185303408332931
"AT4G13840",409.685808779454,1.44408491688282,0.30807132882465,4.68750182755492,2.76560232362369e-06,0.000188287646721462
"AT4G02330",345.49075355638,-1.90147979550346,0.407400630199985,-4.66734623009802,3.05114938287536e-06,0.000206599294354588
"AT3G07390",648.343806617555,-1.56209297909708,0.334799205124781,-4.66576071623252,3.07477352788713e-06,0.000207073531805112
"AT2G06850",133.04799591232,1.6156121634896,0.347872974464974,4.64425891656113,3.41299325636932e-06,0.000228615499898416
"AT5G38430",588.900215055685,1.22998198547939,0.264907062725606,4.64306981031089,3.43270299837248e-06,0.000228706131854132
"AT1G61120",156.014063261654,-2.22000663364878,0.47864393246404,-4.63811715364337,3.51597483475968e-06,0.000231775293472332
"AT2G24570",69.0003395184705,-1.83229360354875,0.395028072670975,-4.63838833316258,3.51136565107031e-06,0.000231775293472332
"AT3G23250",187.678649463149,-2.23021778861701,0.482000707847164,-4.62700106516064,3.70998606932375e-06,0.000243277454935287
"AT4G09010",468.709641180325,1.44072063104342,0.311737537438928,4.62158212603983,3.80824516539991e-06,0.000248413227830981
"AT1G20510",600.128896218867,-1.91787022329142,0.415443121498316,-4.61644476474789,3.90369860103352e-06,0.000253313442032691
"AT3G51450",1018.34426937996,-1.93754783641989,0.420639821188594,-4.60619213593473,4.10109485988959e-06,0.000264743735022613
"AT1G68560",475.137668481569,1.23527900435877,0.269612297176622,4.58168643379624,4.61241144770705e-06,0.000296216671273104
"AT4G01720",184.141465500786,-1.64034168639079,0.359011098915924,-4.56905564018491,4.89926718054194e-06,0.00031302548616601
"AT1G14345",524.207325146037,1.30735746185628,0.286299702611916,4.56639476020841,4.96183963768349e-06,0.000315405918601523
"AT4G26200",19.4898637895994,-5.35108883370019,1.17282740398629,-4.56255440102484,5.05349937331987e-06,0.000319601770011128
"AT3G49780",374.620782548204,-1.70834991971231,0.375161082523671,-4.55364375275926,5.27246133612901e-06,0.000330680062022514
"AT4G35180",62.8151363386594,-1.93349611640064,0.424638685069979,-4.5532736050226,5.28175072979215e-06,0.000330680062022514
"AT3G45290",33.8631006582831,-2.84657984888786,0.62777702041881,-4.53438045086266,5.77728127417942e-06,0.000359895736975007
"AT3G22120",3770.52661132594,1.64735344455305,0.363702999001971,4.52939197387296,5.9153668756492e-06,0.000366200772174422
"AT5G24430",116.80816497365,-1.99051567144261,0.439542240579703,-4.52861064915481,5.93727875264734e-06,0.000366200772174422
"AT2G22880",98.5133951277779,-2.25703215947293,0.499222277032514,-4.52109664033669,6.15200928107104e-06,0.00037757578144268
"AT2G18690",187.712098387791,-2.07552680766862,0.459970968169939,-4.51229958257236,6.41285214371837e-06,0.000391655514012682
"AT1G05010",641.335010039057,-1.8578143134212,0.412155157699929,-4.50756051140767,6.55772318092554e-06,0.000398549624932445
"AT5G21100",41.8207906393285,2.23657081968507,0.497486372070072,4.49574288915404,6.93274684113526e-06,0.000419296567445166
"AT4G19810",260.85132839404,-2.84354362162257,0.63362072718605,-4.48776925946052,7.19728182239506e-06,0.000431382928386785
"AT5G11670",962.444744879019,-1.24741055099044,0.277966163732818,-4.48763451723375,7.20183394369141e-06,0.000431382928386785
"AT3G55470",357.832020124211,-1.31013832828309,0.29205497570824,-4.48593051738282,7.25963986307995e-06,0.000432764847148866
"AT1G10585",650.275587345846,-1.59826994704428,0.356401207066652,-4.48446838942772,7.30959406968449e-06,0.000433667773877138
"AT1G64510",278.813688261551,1.15966556772533,0.258703554965678,4.48260391272621,7.37377166632886e-06,0.000435401996164888
"AT1G74950",250.650621288608,-1.26254440130093,0.282336075550407,-4.47177853145273,7.75717405994676e-06,0.000453923380897989
"AT5G44020",374.19169796673,1.39846145327368,0.312736521625271,4.47169216440079,7.76030822146814e-06,0.000453923380897989
"AT5G33290",197.50982974748,-2.21119016598007,0.49505120310848,-4.46658881363336,7.94766763625715e-06,0.000462710238692186
"AT2G01590",86.4644376451818,1.67389568337663,0.375442940261721,4.45845561035122,8.255228790527e-06,0.000478380909307795
"AT1G61380",142.531937367549,-1.49380900362519,0.335261093971009,-4.45565868061734,8.36360064902773e-06,0.000482417131880725
"AT2G37710",619.652174070997,-1.46480381649998,0.329366687803941,-4.44733444741053,8.69424179107324e-06,0.000496887882912759
"AT3G15356",242.705587234211,-2.07003959790387,0.465398041770378,-4.44789064867877,8.67176539485395e-06,0.000496887882912759
"AT3G52190",109.047836667089,-1.80481911506019,0.406744822574252,-4.43722701530077,9.11251754155274e-06,0.000516058436591844
"AT5G05730",402.768955385774,-1.92177175615563,0.433088482464156,-4.43736518972122,9.10667198158106e-06,0.000516058436591844
"AT3G26830",73.277589046321,-2.74156619939288,0.618295283916715,-4.43407263601606,9.2469449038984e-06,0.000521301749129729
"AT1G25220",123.25554354474,-1.79262200649551,0.40501406515547,-4.42607346440522,9.59638537982153e-06,0.000538564709221606
"AT4G38840",26.8892370222027,2.90496706252264,0.657312315233892,4.41946240044044,9.89467339624887e-06,0.000550347035017253
"AT5G16170",42.5415724509357,-2.93940367530022,0.665060267443768,-4.41975535029049,9.88127018771452e-06,0.000550347035017253
"AT3G23550",97.0512302426208,-2.36005248144522,0.534457056367653,-4.41579440916155,1.00639701983783e-05,0.000557275576451534
"AT5G51070",1014.79830634785,-1.00668873026133,0.228288886049815,-4.40971414631922,1.03507158030529e-05,0.000570617558363879
"AT1G19640",124.869072837052,-1.67515341337507,0.380413450024952,-4.40350732411064,1.06514686218468e-05,0.000584610782200837
"AT1G19380",76.6886538957565,-1.86688581750244,0.424271397035861,-4.40021606581375,1.08143145066269e-05,0.000590945370342386
"AT1G01620",332.425707583817,1.37814504579179,0.313295720934372,4.39886329018989,1.08819345484115e-05,0.000592043766544362
"AT4G22890",414.54369260364,1.44752823103411,0.330110576933217,4.38497985881545,1.15996510640307e-05,0.000628348054811993
"AT5G24230",28.1970857937691,-3.01804328487107,0.69183950390938,-4.36234598894253,1.28675163674212e-05,0.000694010330829871
"AT3G05030",47.6676078772485,2.21888634315095,0.508989273811316,4.35939705867652,1.30421286508914e-05,0.000700396038195933
"AT5G40760",183.024260377792,-1.32435439577405,0.303928308158872,-4.35745654558039,1.31582612175668e-05,0.00070359989918311
"AT1G65486",27.5577840975229,-3.08160637493526,0.707867606162238,-4.35336544306984,1.34063393553846e-05,0.00071380163260144
"AT1G80300",199.349635770584,-1.24752005875117,0.287254536859094,-4.34290811345171,1.40608953948901e-05,0.000745466790318876
"AT1G10140",318.617701660526,-2.34535932071094,0.540436094741755,-4.33975329096341,1.42642767278603e-05,0.000753045015900051
"AT4G37800",35.1939562625853,2.72693684292272,0.629791806275335,4.3299020656527,1.49175669578437e-05,0.000784210830075001
"AT1G60000",288.517635489434,1.39400087695579,0.322204635193501,4.32644575742561,1.51534613846206e-05,0.000791099969526581
"AT3G18080",723.399786770321,1.14306807064923,0.26428075361664,4.32520361398447,1.52391036749642e-05,0.000791099969526581
"AT5G13490",222.996630043031,-1.3037736875158,0.301395962883487,-4.32578351429281,1.51990639096009e-05,0.000791099969526581
"AT1G29910",1729.0078256448,1.51861611148153,0.351951699816954,4.31484238397298,1.59716816689253e-05,0.000825689551506809
"AT4G23215",32.6668826080847,-2.79335476778311,0.64818833138153,-4.30948018121436,1.6363872162255e-05,0.000837816028489668
"AT5G49730",78.0871140733848,2.80027846352992,0.649699565000268,4.31011288044924,1.6317123468338e-05,0.000837816028489668
"AT5G54710",108.308631361519,-1.65064273685063,0.383078882264237,-4.30888470566243,1.64079870737201e-05,0.000837816028489668
"AT1G15260",61.3846952497638,2.10945838444689,0.490188407769135,4.30336244393683,1.6822530975584e-05,0.000849673676285284
"AT3G06350",311.805776379603,-1.58314066772858,0.367909626010554,-4.30306943826244,1.684480279657e-05,0.000849673676285284
"AT3G44990",60.0331730348424,2.03927268040351,0.47378241400269,4.3042388660545,1.67560801444632e-05,0.000849673676285284
"AT1G12940",26.7178786850589,-4.22072040801005,0.981300342014758,-4.30115045037513,1.69913642488885e-05,0.000853610512810089
"AT1G55490",197.23141857415,1.37447001763901,0.319791574290909,4.29801823480402,1.72331988916582e-05,0.000862282831289838
"AT4G23890",399.705824605077,1.45455355528868,0.339733574248704,4.28145366116764,1.85676391351511e-05,0.000925336863939389
"AT5G46350",106.900766019354,-1.55435087684834,0.363368834078953,-4.27761197734038,1.88908936692719e-05,0.000937695793726927
"AT3G19010",381.512903341486,-1.84831221765716,0.432769239627313,-4.2708955452769,1.94689585581813e-05,0.00096255458204913
"AT5G48657",169.88358025729,-1.7128352044596,0.402025271516472,-4.26051625560416,2.03955246903597e-05,0.00100437882259759
"AT1G51760",189.622680758403,-1.49880585662881,0.351865781026552,-4.25959538394475,2.04797291105179e-05,0.00100455490152733
"AT2G36380",162.830640405881,-1.27850097452823,0.300411102066049,-4.25583796915448,2.08267499371676e-05,0.00101757049987126
"AT3G26500",213.057786405626,-2.67868100412292,0.629892979290304,-4.25259701598988,2.11305624948359e-05,0.0010283815551686
"AT1G65230",288.770627121436,1.201951886238,0.282899406311408,4.2486900269947,2.15024204301039e-05,0.00104240722232943
"AT3G54890",3822.11577676676,1.2465936590977,0.293732513795293,4.24397572808867,2.19594114469548e-05,0.00106043529929306
"AT3G54640",465.000507049415,-1.62203508753567,0.382665835981767,-4.23877685180383,2.24740909716923e-05,0.00108109922554562
"AT3G22160",214.659427402224,-1.57088997402959,0.371045587460436,-4.23368455822721,2.29893349614927e-05,0.00109358447303317
"AT4G34200",230.023548514614,-1.51831629812064,0.358633954055829,-4.23361001084766,2.29969605854957e-05,0.00109358447303317
"AT5G42050",1147.29301566432,-1.35156090619319,0.319150182292849,-4.2348743042641,2.28679582626917e-05,0.00109358447303317
"AT4G17500",76.2807795676188,-1.75616269361234,0.415245127394893,-4.22921926773689,2.34503703826468e-05,0.00111090556881139
"AT2G39010",527.86162833716,1.577151939384,0.373162072236521,4.22645294558327,2.3740388736196e-05,0.00112038448206161
"AT1G74070",95.9964288612996,1.85153178191028,0.438727358370053,4.2202332418681,2.44049686757294e-05,0.00114740190464495
"AT1G06620",308.599928475471,-2.96952145037795,0.70394924139797,-4.21837438801807,2.46069993161505e-05,0.00115255114466135
"AT1G27730",225.694804639297,-2.00310106577122,0.474982307261029,-4.21721195747699,2.47341462826154e-05,0.00115416752260339
"AT3G52180",109.998045042691,1.43008972611143,0.340300411235162,4.20243314112008,2.64061253331005e-05,0.00122758923703395
"AT3G48360",588.515590139447,-2.02416389006506,0.484252323753332,-4.17997764961915,2.91537748271321e-05,0.00135028580138007
"AT3G50740",118.802283688984,-1.89777573075885,0.454391203501852,-4.17652392065093,2.95997628427873e-05,0.00135924437305037
"AT5G35170",472.788536824724,0.99831389126862,0.238975975664871,4.17746548995624,2.94775370485256e-05,0.00135924437305037
"AT5G44585",43.8304623515742,-3.41665948292054,0.818175365912577,-4.17595007778028,2.96744898843968e-05,0.00135924437305037
"AT1G76070",143.198999795894,-1.93602171379747,0.464727724983988,-4.16592686365801,3.10090110018052e-05,0.00141516948011535
"AT4G05180",1406.71606640551,1.14897268916086,0.276247204773595,4.1592192402545,3.19337275974374e-05,0.00145205223407472
"AT2G21330",485.24732975818,1.89452525786124,0.455678125330933,4.1575953563392,3.21615043797913e-05,0.00145709157479207
"AT2G36580",94.8489752016817,-1.84429442043646,0.444254888595623,-4.15143303491075,3.30399942648116e-05,0.00149146843675829
"AT2G02220",68.0085173270196,-1.76811498046969,0.426892947760121,-4.14182288498058,3.4455637978572e-05,0.00154975737752718
"AT5G59820",153.774265813685,-1.73112820648372,0.419014240623205,-4.13143048290911,3.6051272117899e-05,0.00161569352272268
"AT2G33800",618.395794726213,1.23553864378615,0.299155272317042,4.13009148799738,3.62618902119085e-05,0.0016193078500006
"AT3G63380",114.333078850872,-1.78155938018868,0.431638641993474,-4.12743254857987,3.66835983077203e-05,0.00162648025379319
"AT4G34050",598.309997871192,-1.2610225319447,0.30551301800477,-4.12755744478622,3.66636859703867e-05,0.00162648025379319
"AT2G29180",85.5470012117736,1.50409547096667,0.364607713085446,4.12524315033946,3.70343284535041e-05,0.00163620814965322
"AT1G08090",46.9043156445492,-2.45800694925991,0.596249370559441,-4.12244787269736,3.74867457389625e-05,0.0016447765153707
"AT2G38470",397.325787860087,-1.64949339844271,0.400128053501352,-4.12241377231286,3.74922971639201e-05,0.0016447765153707
"AT3G15570",80.2232031063053,1.91389862545496,0.464804089600864,4.11764583891346,3.8276230901627e-05,0.00167327565194165
"AT2G42530",537.297268500284,1.35481564415748,0.329399682094741,4.1129840670818,3.90577352010104e-05,0.00170146966038248
"AT5G64460",102.362474152529,1.46950028405579,0.357631076888094,4.10898375175491,3.97404031972273e-05,0.0017251765973319
"AT3G57550",138.379675737047,-1.52321474711188,0.370838830951157,-4.10748449186137,3.99991625460428e-05,0.00173038043805954
"AT1G21670",402.544611290126,-1.41122845796622,0.343850998800341,-4.10418600757258,4.05740923204274e-05,0.00174917860283808
"AT1G44350",235.470724932241,-1.45371029641724,0.354527948126494,-4.10041099467442,4.12417034798763e-05,0.00177182890915786
"AT1G51080",43.2801187090099,2.8484537549438,0.696436551003536,4.09004057991973,4.31297722422752e-05,0.00184657674352752
"AT3G47070",957.573707273182,1.20082133040201,0.293922733069799,4.08550001512421,4.39819976939656e-05,0.00187661544270246
"AT1G80460",411.61350096008,-1.11438973830903,0.273214120325917,-4.07881458315434,4.52659201562831e-05,0.00192480579941
"AT3G45780",228.154556903954,1.38114817135888,0.338900878023165,4.07537501648039,4.59402513662274e-05,0.00194683534616268
"AT2G45300",170.319885643624,-1.68113218038782,0.412850895907043,-4.07200807132642,4.66095638385821e-05,0.00196850357920303
"AT1G49975",64.660754289994,1.96377683977509,0.482963013351508,4.06610192807005,4.78060335113936e-05,0.00201221409296774
"AT4G31550",238.195266231224,-1.65892135910207,0.408811103488947,-4.05791659019096,4.95124440701313e-05,0.00207702202245712
"AT2G40840",233.283712762323,1.33091222113805,0.328346857827078,4.05337279590769,5.04844558900239e-05,0.00211069072461009
"AT1G62300",364.940596901612,-2.04648625706178,0.505284321595686,-4.0501677364518,5.11809332590088e-05,0.0021298930413625
"AT4G03460",16.3650283621054,-4.21109076795247,1.03995758424727,-4.04929088622444,5.13730583876752e-05,0.0021298930413625
"AT5G54770",4407.97120855382,1.64339307287553,0.405885248928703,4.04891056576488,5.1456602090867e-05,0.0021298930413625
"AT5G38520",91.0764632742348,1.51257739242417,0.374379266933093,4.04022745387365,5.33993878753751e-05,0.00219571938461815
"AT5G53110",69.1357248514245,-2.49748559338353,0.618042961459309,-4.04095790927952,5.32333131497956e-05,0.00219571938461815
"AT3G47380",171.012107127808,-1.59785384117588,0.396915744316787,-4.02567513144703,5.68120789329089e-05,0.00232072685713152
"AT4G23470",1028.79795785097,-1.11009440735103,0.275751598671297,-4.02570433934016,5.68050269136916e-05,0.00232072685713152
"AT4G18950",115.354157930134,-1.64815188102492,0.409584346734737,-4.02396208293655,5.72271348251738e-05,0.00233004206793085
"AT1G32060",2639.93982889855,1.0443401546474,0.259690167463928,4.02148515997419,5.78323520651453e-05,0.00234308301779433
"AT5G01100",80.9025470024771,-1.876388169705,0.466633911562621,-4.02111403224323,5.79235548182562e-05,0.00234308301779433
"AT1G43160",524.212140532181,-1.47068837444135,0.366261356134923,-4.0154068940311,5.93433230149526e-05,0.00239099009946961
"AT2G17720",170.890615412597,-1.26695215066438,0.315628737198102,-4.01405829491753,5.96835958692551e-05,0.00239099009946961
"AT4G10340",4615.21181504456,1.24862914954361,0.311023849522179,4.0145768611052,5.95525353810214e-05,0.00239099009946961
"AT3G08940",1563.17045457162,1.28837247083151,0.321835137994693,4.00320635856971,6.24897497796558e-05,0.00249538395033568
"AT4G26530",935.584411774921,1.7650026669389,0.441019145289396,4.0020998765954,6.2782784051638e-05,0.00249907573961456
"AT2G36880",746.48626423294,-1.37743455704957,0.344373723534842,-3.99982479183029,6.33893964008855e-05,0.00250720155478931
"AT4G11170",21.0471753794604,-3.65215492696945,0.912937354975809,-4.00044417841378,6.32237002286814e-05,0.00250720155478931
"AT5G22640",294.963600935275,1.02662661311073,0.25677146790635,3.99821141142194,6.38229344451766e-05,0.00251636057041916
"AT1G52760",137.844831689916,-1.37565090299886,0.34451576352574,-3.99299843037831,6.52430005147553e-05,0.00256423515272346
"AT1G13930",3735.09407188883,1.11466435053866,0.279398981930588,3.9895075595357,6.62106092258573e-05,0.00258300403241218
"AT3G18490",687.05757836294,1.05454868419829,0.264361822938454,3.98903545329161,6.6342506651569e-05,0.00258300403241218
"AT3G26210",208.745423163463,-1.89682236704823,0.475407725584044,-3.98988544983775,6.61052127855216e-05,0.00258300403241218
"AT1G15670",132.623739513034,-1.86894469893147,0.468614742359026,-3.98823282751014,6.65673157865666e-05,0.00258368282674403
"AT5G57220",27.3320636473255,-3.05329155259685,0.765747353655607,-3.98733542861195,6.68195236912952e-05,0.00258541753313617
"AT2G40610",49.7170609618876,3.14653323307827,0.789423599113076,3.98586162943877,6.72356880085662e-05,0.00259346574891247
"AT5G13510",600.31337487155,0.97182886212148,0.244067216865846,3.98180826823479,6.83929421974196e-05,0.00262996193468411
"AT4G18670",146.345089840887,1.64995876485192,0.414572099569874,3.97990787745672,6.89419790023069e-05,0.00263797599469896
"AT5G01015",41.821290151465,2.69255486899374,0.676585514736792,3.9796223985688,6.9024815336051e-05,0.00263797599469896
"AT1G26150",607.754487710086,1.2127992787006,0.304925801035404,3.97735867080592,6.96850146704262e-05,0.00265506299014936
"AT1G18860",22.6657161932225,-3.30539470713934,0.831967628542588,-3.97298475774787,7.09775926933533e-05,0.00269606654684905
"AT5G03610",172.087214005511,-1.75178071996211,0.441061824342096,-3.97173507948716,7.13510428821206e-05,0.00270201411327763
"AT3G63190",97.7393642706357,1.42099378343061,0.359316756318796,3.95471059571146,7.66273499079278e-05,0.00289303076516022
"AT2G24270",167.939288383484,1.35245005640748,0.342358627109139,3.95038988159144,7.80239898356566e-05,0.00293663040684208
"AT5G36220",146.889464579789,-1.49541683351017,0.378616577206967,-3.94968663163609,7.82535753328173e-05,0.00293663040684208
"AT4G31500",1469.83446267664,-1.52660336077439,0.386868165048241,-3.94605578513813,7.94491108484706e-05,0.00297254195814143
"AT4G38770",4910.69106433528,1.75805433263702,0.446459092069858,3.93777249442135,8.22415131529568e-05,0.00306780542626554
"AT5G52310",3856.00741264539,1.20195164905004,0.30560151958734,3.93306829976846,8.38683947043892e-05,0.00311915322275219
"AT1G67740",4142.35701534881,1.13117715256115,0.287846458900535,3.92979353257227,8.50188325934462e-05,0.00315252867643377
"AT2G05070",856.461620624705,1.30781394448189,0.333025247148416,3.92707146284032,8.59864388438976e-05,0.00317894671084902
"AT1G59870",2917.61122608625,-1.21172253762306,0.308915214151683,-3.9225084492863,8.76318192298549e-05,0.00323019182184841
"AT2G32100",59.5334690274774,2.01503068254029,0.515994959498389,3.90513636896598,9.41722653199151e-05,0.00346103909622661
"AT5G25930",35.7168162274321,-2.42335237357758,0.620952150357838,-3.90263947420275,9.51493763773919e-05,0.00348666494201743
"AT1G11860",708.02305373747,1.09185094790929,0.279969183130037,3.89989689473129,9.62336611239535e-05,0.00351605625789835
"AT5G55120",83.3857890086714,-1.5193269394471,0.389685207930717,-3.8988570993365,9.66477883851419e-05,0.00352086197511837
"AT1G62750",329.924780010258,1.25104033205647,0.320989943448501,3.89744400904318,9.72132885111347e-05,0.00353113808035052
"AT4G21280",1129.45243593258,0.919035332197449,0.235884104353219,3.89613083389995,9.77416031950983e-05,0.00354000765758061
"AT1G74360",71.6369192214108,-1.70026654402668,0.437069510685509,-3.89015134311233,0.00010018172183337,0.00361786687629553
"AT1G09560",2521.65141781111,-1.47974058368836,0.380559236581991,-3.88833180605132,0.000100935579250296,0.00362408179215977
"AT4G16260",58.4078903101133,-2.34948830599241,0.604178660849886,-3.88873102980405,0.000100769718634872,0.00362408179215977
"AT2G43590",32.1538520545637,-2.50706580394482,0.645334912934643,-3.88490650931004,0.00010236927376806,0.00366499649964443
"AT3G55760",190.374993688516,1.22195584897324,0.314643202805622,3.88362385736369,0.000102911071060069,0.00367383677460572
"AT2G25080",395.055734663118,1.23480268073905,0.318123527320635,3.88151951897131,0.000103805818474674,0.00369519054964562
"AT5G03630",368.967279023718,-1.33753008302959,0.34477617403408,-3.87941564342952,0.000104707704914222,0.00371667605563047
"AT1G66920",93.434107456066,-1.47017215318458,0.379095633656445,-3.87810363048635,0.00010527387503949,0.00372615684408241
"AT5G22270",110.214336687036,-1.68475656358998,0.43458687575528,-3.87668532479724,0.000105889162390754,0.00372745493392077
"AT5G24490",502.751791793248,1.77929655920927,0.458979060342896,3.87663994492469,0.000105908904936829,0.00372745493392077
"AT4G15660",260.073658607081,-1.56965518970717,0.405127842884512,-3.87446880602236,0.000106857529369816,0.00375024777019306
"AT4G32340",319.851665478601,1.19739961819797,0.309167345988231,3.87298216883342,0.000107511696302864,0.00376260737145332
"AT4G18760",147.16339310612,1.45175623498132,0.376114189710495,3.85988158569284,0.000113441983770213,0.00395171178789553
"AT5G62140",150.103273177862,1.49725047416944,0.38792388262335,3.85965015622194,0.000113549467859908,0.00395171178789553
"AT3G14420",950.391705809795,1.11295904026483,0.288802932602031,3.85369715687229,0.000116347492690807,0.00403780894550074
"AT1G18300",96.3256285079721,-2.58135353097726,0.671137938722854,-3.84623395883336,0.000119947236289449,0.00415117393591735
"AT4G20360",2592.24366214074,1.10111281358176,0.286450269813507,3.84399293566257,0.000121048491504776,0.00417738127017646
"AT5G64040",1041.24975572946,1.45702733706176,0.379105244745179,3.84333204897,0.000121375071819879,0.00417738127017646
"AT1G09310",2188.97708635059,1.15605612648389,0.301049999929701,3.84008014201574,0.00012299415282267,0.00422144393944256
"AT4G14365",297.901156974075,-1.29226037053289,0.33699070251554,-3.83470630164729,0.000125714419388137,0.00430295590977141
"AT3G14415",565.743341923072,0.962052726665821,0.250975049707896,3.83326042881766,0.000126455952154382,0.00431647865175737
"AT1G72430",83.0216361706596,1.66803932623539,0.435531370599324,3.82989478792318,0.000128198059159183,0.00436398803023022
"AT5G63780",126.446443040137,1.45160646012111,0.37920202249294,3.82805569067907,0.000129159535792086,0.0043847374834703
"AT1G33240",197.327118854365,1.14424482871886,0.299217129062071,3.82412875995978,0.000131235321973999,0.00444310020780994
"AT3G16370",160.778679151779,1.67682363995467,0.439096499361529,3.8188043912736,0.000134100042359168,0.00451895524081599
"AT4G23210",843.533962869214,-1.48484149459645,0.388858064483992,-3.81846650542483,0.000134283812135783,0.00451895524081599
"AT5G20230",1314.23400187961,-1.35451202069769,0.354774479074818,-3.81795225020128,0.000134563961340616,0.00451895524081599
"AT3G26650",1477.87592627329,0.855528650143124,0.224122864903686,3.81723056463149,0.000134958040455782,0.00452000598397471
"AT5G58940",40.2364510514929,-2.04362083497665,0.535725270899896,-3.81468066933605,0.000136359145528166,0.00455468791993411
"AT3G01290",628.137546232048,-1.50693388145463,0.395411869731089,-3.81104867306957,0.000138378514958881,0.00460978052907139
"AT3G63160",5155.00730119031,1.55350095854965,0.407971785933831,3.80786371046162,0.000140172486585477,0.0046570906943159
"AT5G58140",285.951889785118,1.21656518419507,0.319631504482852,3.80614916593848,0.000141147273900713,0.00467700501470475
"AT5G03940",140.01181123799,1.48075535470913,0.389374557561,3.80290731881512,0.000143007867396169,0.00472608758591213
"AT4G14450",25.4576962545614,-3.17340772457119,0.834692568167375,-3.80188807903086,0.000143597596153201,0.00473302235574797
"AT2G26560",290.963870617245,-1.49582739887339,0.393956376617755,-3.79693663475017,0.000146495216500318,0.00481578866062657
"AT3G12630",260.65897329078,-1.33843438235562,0.352786981215107,-3.79388824878298,0.000148306441794997,0.00486249989032596
"AT1G78850",628.656773451251,-1.35840320413355,0.358537877255615,-3.78872997891126,0.00015141938168582,0.0049515330089859
"AT3G18390",250.690159884398,1.07107044848889,0.282998503072406,3.78472125068043,0.000153880956857561,0.00501885560599045
"AT4G26540",46.873555121961,1.91305723455873,0.506707422522109,3.77546716216744,0.000159708064116318,0.00519530749562716
"AT5G14910",203.469156204654,1.18671636309127,0.314640693186751,3.77165569739866,0.000162167919539651,0.00526158882693883
"AT4G24750",68.246252635632,1.8362916535184,0.48704796079135,3.77024810972377,0.000163085333259795,0.00527761082359426
"AT2G40095",31.8526858128721,-2.31396527036009,0.614307822174368,-3.76678464254242,0.000165363526861597,0.00533747197193946
"AT1G43670",308.980836231765,1.2360584827185,0.32876086164829,3.75974949244671,0.000170083582487708,0.00547563657419729
"AT3G62750",134.702218263405,1.40926510281836,0.375165706274394,3.75638039204904,0.000172388603614941,0.00553554023824369
"AT2G39800",187.503060294743,1.34870139347423,0.35976844376409,3.74880403451563,0.000177679848797698,0.00569077952743065
"AT3G52400",165.610941627015,-1.69763110880961,0.452990528422693,-3.7476083986143,0.000178528690944366,0.00570330502686116
"AT1G76100",362.105000586739,1.03645905773175,0.276708633186852,3.74566939164442,0.000179913400532908,0.00573284157861764
"AT4G29740",136.493318121563,-1.61844814868615,0.432463368851915,-3.74239361123864,0.000182275710494005,0.00577855744795117
"AT4G33430",178.217568748522,-1.21003174032889,0.323327307798367,-3.74243595002338,0.000182244992970346,0.00577855744795117
"AT4G04340",302.287835117267,1.06500744474987,0.284631547005654,3.74170556972279,0.00018277557935846,0.00577969782544936
"AT1G22850",269.196260066711,1.20976456894979,0.323419562550782,3.74054234508416,0.000183623605714068,0.00579113415314683
"AT5G47330",287.911521407236,1.17229964983788,0.313454440033988,3.73993633559877,0.000184066869303006,0.00579113415314683
"AT5G14920",255.555385119696,1.26160983225914,0.337774852702317,3.73506145340845,0.000187669353682191,0.00588960321795068
"AT2G20960",289.388502359771,-1.13833118653086,0.304936049640417,-3.7330161123068,0.00018920048661438,0.00590789188653775
"AT3G44020",97.1944223184452,1.68992220424565,0.452682009910947,3.73313312048362,0.000189112579151097,0.00590789188653775
"AT2G45570",103.283086906765,-1.72228721983305,0.461889648757072,-3.72878505605758,0.000192405177521388,0.00599294026684744
"AT5G61780",229.146761748647,-1.04926432629253,0.281898125821792,-3.72214012857908,0.000197541337097612,0.00612230726094317
"AT5G64660",31.7939469008743,-2.77400162966389,0.745173806775946,-3.72262364087357,0.000197163305665315,0.00612230726094317
"AT3G07460",91.2690820651415,1.3098164164248,0.352317419847936,3.71771687301222,0.000201031388082583,0.00620032279748523
"AT3G25610",52.0848893463149,-2.04573822775701,0.550271540618764,-3.71768858963092,0.000201053889572521,0.00620032279748523
"AT1G65690",52.6913937193586,-3.00651248586482,0.810427794221891,-3.70978452034883,0.000207435722509653,0.00636561986883687
"AT5G05340",88.370677320745,-2.44805256847807,0.659829089933388,-3.71013131404257,0.000207151771938658,0.00636561986883687
"AT2G13360",2721.0650701244,1.13746042262769,0.306853760041919,3.70684857331486,0.000209854331967457,0.00642401749872862
"AT2G38230",188.036551845812,1.40635196147033,0.379879919692348,3.70209607975406,0.000213825609070337,0.00651788901161747
"AT3G59700",74.5299994531819,-1.74951310422437,0.472595088430434,-3.70192824058921,0.000213967140681559,0.00651788901161747
"AT1G55260",39.4660565219674,2.32952108816312,0.630874729284203,3.69252559982268,0.000222037981999736,0.00674724687252368
"AT5G57550",36.8549390595139,2.57630811637209,0.697855972064255,3.69174760911106,0.000222718423925016,0.00675145704058827
"AT3G52150",258.929568391021,1.29416721554806,0.350627658711378,3.69100150371582,0.000223372816888122,0.00675485904274056
"AT4G21390",66.264714003709,-2.00141931161666,0.542754686463591,-3.68752101369634,0.000226449398357471,0.00681481414042447
"AT5G61210",460.249380280179,-1.0738946343902,0.291220889347307,-3.68756045212638,0.00022641431501931,0.00681481414042447
"AT1G51860",21.1379016501101,-3.42952586132941,0.931158263731382,-3.68307514942352,0.000230437189982225,0.00690148305285706
"AT3G56910",340.342109120413,1.31276731749623,0.356378881071087,3.68362825976317,0.000229937503079625,0.00690148305285706
"AT3G09830",64.3104058768575,-1.65710746903248,0.450161495121891,-3.68113996196806,0.000232193494784946,0.00693740707799914
"AT1G33610",60.9006091318267,-1.81644293392647,0.494435313383101,-3.6737726549055,0.000238995395203542,0.00712212679297392
"AT3G50260",49.4588051248899,-1.86894604218347,0.508804104340294,-3.67321337670165,0.000239519313448597,0.00712212679297392
"AT4G35630",389.69463110203,-1.54848761843751,0.421802696735365,-3.67111834614234,0.000241491481147796,0.00716367229433427
"AT1G15125",285.516217267921,-1.65760279547031,0.451643712696104,-3.67015580838088,0.000242402669318058,0.00717362198820354
"AT1G09932",114.521619719887,-1.71110906740279,0.467124652637985,-3.66306735844421,0.000249212970985959,0.00735768816472526
"AT5G14320",346.154084156633,1.01207632709537,0.276735542959134,3.65719674557606,0.000254988659334834,0.0075104106540253
"AT1G49380",85.7559041706182,1.4433202232077,0.39527811484913,3.65140433782575,0.000260810247027447,0.00764572910050579
"AT5G13630",647.180700151213,0.971974514000048,0.266171637157479,3.6516832686609,0.000260527078636632,0.00764572910050579
"AT4G39330",140.760574154953,1.63286739911979,0.44737311918865,3.64990056193169,0.000262341846568168,0.00767257527322256
"AT2G15390",79.4641550802012,-1.82210642487752,0.499487475768431,-3.6479521775282,0.000264338823626881,0.00771287448142228
"AT4G18480",364.282297473933,0.99101903946429,0.271916518271606,3.64457093582819,0.0002678382572114,0.00779672160419821
"AT5G54500",529.121028848186,-1.00102272569375,0.274714069854879,-3.64387133947143,0.000268567709426557,0.00779973214859084
"AT5G07100",139.143183139985,-1.4026672659473,0.385011038266887,-3.64318714668898,0.000269282901554329,0.00780231551271021
"AT5G39050",723.817068918235,-0.975759103177385,0.268252312741554,-3.63746762592677,0.000275331786239411,0.00795906896695319
"AT5G26340",744.967773262469,-1.18938265339858,0.327399642561092,-3.63281598017215,0.000280344954271271,0.00808522635478187
"AT1G25400",86.2742211906943,-1.92762202481674,0.530745153369873,-3.63191639636771,0.000281324270391456,0.00809473229747609
"AT1G10290",138.046166997014,-1.39794611016288,0.384979725366635,-3.63122008264604,0.000282084500028592,0.0080979050365351
"AT1G75690",351.00576302758,1.28643803221566,0.355334184627998,3.6203610231378,0.000294192237958205,0.00842607147752018
"AT3G46690",29.508048388404,-3.31252630792525,0.915128481457945,-3.61973905855041,0.000294900253560086,0.00842697765849797
"AT5G30510",277.161054769707,0.972617886022952,0.268907725184068,3.61692058254256,0.000298128725364747,0.00849973864832811
"AT3G59400",629.435640832109,1.44250691155475,0.399529917820567,3.61051037034628,0.000305595082203412,0.0086927149067861
"AT1G74000",37.7959182846404,-2.50022504109834,0.69498730456524,-3.59751181737398,0.000321275903408059,0.00909721927400229
"AT3G25920",463.302943569555,1.22381598153391,0.340178076832847,3.5975745201689,0.000321198486010852,0.00909721927400229
"AT1G30380",1943.83193726241,0.810933765275874,0.225676160590143,3.59335147830982,0.000326451759415718,0.00922281739356107
"AT1G21000",234.521500207541,-1.34434834573044,0.37472343880307,-3.58757474585662,0.000333768068550882,0.00940818182370008
"AT2G22980",71.1634793734264,2.01749966517252,0.563317019443188,3.58146407003063,0.000341674132433078,0.00960929574714158
"AT5G06530",92.3029522181525,1.73125443961816,0.485057502632507,3.56917361389585,0.000358109058560325,0.0100488305418988
"AT1G08930",293.749540450774,-1.20062386224947,0.336888242883394,-3.56386394483062,0.000365435420751853,0.0102313705778592
"AT3G51420",266.385729945255,1.12094205636709,0.314856495063307,3.56016812085043,0.000370617441040872,0.0103531899056687
"AT5G63850",193.893308357315,-1.1070830652835,0.31102277374927,-3.55949196882919,0.000371572895507786,0.0103566592955962
"AT1G71697",151.935725412084,-1.73990928725565,0.489614425406265,-3.55363158634866,0.000379951066470546,0.0105195785270145
"AT2G05310",269.215748683523,1.52613111795618,0.429410519074481,3.55401428275555,0.000379398608546026,0.0105195785270145
"AT4G34090",60.9777829356592,1.75181449904878,0.492867137714219,3.55433415011845,0.000378937426335981,0.0105195785270145
"AT4G18430",16.4440162327306,-3.34732668492985,0.9428558265405,-3.5501999252757,0.000384938698628482,0.0106340382399385
"AT5G66190",2511.00842277194,1.06046469737648,0.29884780557374,3.54851090621382,0.00038741595413046,0.0106787950719279
"AT5G38980",182.662395360141,1.26444484541925,0.356419473801911,3.54763119964089,0.000388712097653322,0.0106908698116175
"AT1G61250",277.611842050112,-1.06600827784154,0.300681610466432,-3.54530586751844,0.000392157738405803,0.0106912325225337
"AT1G71695",149.254665239614,1.44138647778532,0.40637141203652,3.54696820468215,0.0003896916189078,0.0106912325225337
"AT2G42220",226.957555104314,1.01953258910343,0.287521630628942,3.54593352462991,0.000391224884485978,0.0106912325225337
"AT5G28500",745.971211329002,1.2910412105069,0.364142565217071,3.54542790057319,0.000391976204451748,0.0106912325225337
"AT1G21750",723.254099327096,-0.92594621274221,0.261514465733007,-3.54070743332246,0.000399055810018247,0.0108555378537497
"AT1G71520",46.2696414561777,-2.30076067084338,0.650068359510213,-3.53925958275659,0.000401251076412359,0.0108677981761339
"AT1G78370",224.89308029073,1.19968332233143,0.33895952929967,3.53931138861951,0.000401172332861564,0.0108677981761339
"AT5G15780",92.852299815404,1.84224068771781,0.520811252207692,3.53725208491301,0.000404313564788935,0.0109033391855094
"AT5G65390",20.3906442334245,2.53200177536624,0.715734969458952,3.5376247960614,0.000403743339029605,0.0109033391855094
"AT3G27160",754.020557605666,1.02811680661326,0.291145347177475,3.53128365807799,0.000413548001983237,0.0111282819799334
"AT1G51680",485.497260245495,-1.56583141035523,0.443582782513302,-3.52996435407923,0.000415615659114344,0.0111598178812621
"AT1G23740",125.415723496333,1.3156573112881,0.372989064228231,3.52733481344926,0.000419765593189187,0.0112470097323529
"AT3G07195",189.266296477859,-2.2053932172069,0.625599208210221,-3.52524937414213,0.000423084307874424,0.0113116038450804
"AT1G15980",233.915989214365,1.10527458472158,0.313689127630206,3.52347112911268,0.000425933497975839,0.0113182371890704
"AT3G04550",1227.13961601487,1.20946891826403,0.343185160947846,3.52424596367626,0.000424689825165306,0.0113182371890704
"AT3G26450",306.716291663347,1.1121167313777,0.315637927442531,3.52339384683164,0.000426057728684006,0.0113182371890704
"AT3G17930",256.654866792197,1.16524639173002,0.331326889605353,3.51690861287462,0.000436604074609673,0.0115003174747609
"AT3G24590",98.7138954894394,1.34153160076909,0.381362134320902,3.51773676523491,0.000435243881515995,0.0115003174747609
"AT4G29700",30.2203261035942,-2.25010643110854,0.639629156996202,-3.51782967755158,0.000435091525384464,0.0115003174747609
"AT5G52440",236.770010527249,0.970988450381451,0.276083703058643,3.51700748586093,0.000436441473010792,0.0115003174747609
"AT5G56850",57.1597914998486,1.71415984116422,0.487844069214481,3.51374537344347,0.000441836125631794,0.0116135786692965
"AT2G26440",574.641734368092,-1.2342472799743,0.351598076122485,-3.51039258685911,0.00044744554262242,0.0117362610853321
"AT1G65730",95.9653290620194,-2.01725787608028,0.575141717303802,-3.50741011369677,0.000452491193463496,0.0118436718053817
"AT4G34180",774.277405962316,-1.27531504384425,0.363692808358669,-3.50657206998317,0.000453918495511029,0.0118561227160837
"AT1G64720",2579.6245862226,1.49808765522888,0.427361688807679,3.50543273873819,0.000455865670445273,0.0118820719415851
"AT2G20890",660.569346521691,0.968395979906715,0.276752600849016,3.49913958147418,0.000466762166098581,0.0121406885749942
"AT3G02230",277.263710113925,-1.52435100456757,0.436421048526978,-3.49284483347586,0.000477904116843415,0.0124045987328169
"AT1G45474",135.666534267412,1.14703889886813,0.328539662715756,3.49132548985575,0.000480630331372685,0.0124235960551292
"AT3G50685",155.571196515836,1.56885797798477,0.449310104521927,3.49170419760326,0.000479949448135139,0.0124235960551292
"AT2G38860",341.082627557039,-1.38389784470932,0.396863407139846,-3.48708855442967,0.000488309641332007,0.0125959623630548
"AT1G48850",354.515234596562,-1.30760533579837,0.375110030128062,-3.48592474413963,0.000490438954780523,0.0126247498710962
"AT2G27310",477.207857111493,-1.06417949519039,0.305441869745963,-3.48406554764568,0.000493858523199972,0.0126865635887597
"AT3G02050",62.4095290999099,1.61023429580792,0.462308657944515,3.48302863928014,0.000495775324504241,0.0127095982880624
"AT3G63140",756.123713232309,0.910609356012198,0.262082087869887,3.47451961869396,0.000511768938929623,0.0130926677825958
"AT5G64620",200.026009078295,1.23374313783376,0.35553025847954,3.47014946944313,0.000520168809472489,0.0132802934369216
"AT1G52230",1055.56698318741,1.04557648524904,0.301638161175355,3.46632694343074,0.000527621267960831,0.0134430130419713
"AT5G27420",61.0599947427232,-2.20135109138108,0.636197599354291,-3.46016881172664,0.00053983684329294,0.0137261780216056
"AT4G23190",53.0547009556187,-1.82699636835873,0.528617612773954,-3.45617763050205,0.000547894134486699,0.0138744167105077
"AT5G63530",326.85328368617,1.8566929407701,0.537143950980404,3.45660215921865,0.000547031813041492,0.0138744167105077
"AT2G38140",281.122758489882,0.929027461206205,0.268966699054565,3.45406128145898,0.00055221187913863,0.0138990056609862
"AT5G43580",30.3624961459425,-3.08830804346826,0.893869416409149,-3.45498792863348,0.000550317460890775,0.0138990056609862
"AT5G62360",313.314857689126,1.31928183447935,0.381938875009962,3.45417008008138,0.000551989139168876,0.0138990056609862
"AT1G20020",1840.71485025335,0.867271649194144,0.251188660249479,3.45267038859467,0.000555066796510445,0.0139426960034751
"AT4G23670",700.271863859165,1.12669100048367,0.326395715338671,3.45191725116429,0.000556618402190938,0.0139535385772573
"AT2G42540",1944.32185448613,0.99591882250815,0.288709970609989,3.4495477257123,0.0005615264625682,0.0140483096328056
"AT5G61160",35.6851805497547,-2.87065971285615,0.832380604727514,-3.44873450504759,0.000563220177369209,0.0140624452702264
"AT1G21100",30.8715627960692,-2.88415906279195,0.837297399659745,-3.44460530268455,0.000571893823068043,0.0141962215202572
"AT3G54150",27.4006777675519,-2.07382404818646,0.602058307692316,-3.44455681732124,0.000571996404460158,0.0141962215202572
"AT5G23060",312.024062542604,1.11890437745306,0.324800411995765,3.44489827022647,0.000571274350540127,0.0141962215202572
"AT2G27385",262.43566648559,2.24960582171655,0.653197039620827,3.44399267795582,0.000573191224817593,0.0141975933797264
"AT1G09970",2031.22203395453,-1.21670339173104,0.353725668019233,-3.43968080841926,0.000582400616721987,0.014397081912181
"AT5G01550",31.5348978608992,-2.47563010822775,0.720741039975766,-3.43483993683915,0.000592903920303169,0.014627702857539
"AT3G04720",72.7638031717741,-1.38767294061301,0.404442575819502,-3.43107532089379,0.000601193647854267,0.0148029084162378
"AT4G23400",81.3678427347951,1.80541521912243,0.526369500404129,3.42993888843539,0.000603717203660801,0.0148357251290137
"AT5G66570",3987.7388886477,1.20424888458396,0.351669000075883,3.42438168938437,0.000616200084137646,0.0151126709611633
"AT2G02010",68.0265313754062,-1.9947573433236,0.582795217521538,-3.42274144219427,0.000619930147373838,0.0151742823303156
"AT1G53430",102.480940212522,-1.2421022689818,0.362967635856405,-3.42207443936736,0.000621452969192704,0.0151817304768076
"AT5G10300",43.2869952679773,-2.0584323354838,0.602494263275951,-3.41651773461121,0.000634275323513371,0.0154344458118224
"AT5G13330",127.693995017525,-1.25728838625658,0.367994349097897,-3.41659699215138,0.000634090715566042,0.0154344458118224
"AT1G07230",126.340559556891,-1.2817378692948,0.375217859173047,-3.41598310943849,0.00063552188779339,0.0154346339181635
"AT4G08850",650.436986650152,-1.56841100089628,0.4592948607319,-3.41482375482489,0.000638232942376402,0.0154703195118047
"AT4G25030",992.05543085082,-1.11498771194573,0.327126238780529,-3.40843252471038,0.000653372416423339,0.0158065377402299
"AT1G78170",30.2593842820313,2.19268206883576,0.644642234950366,3.40139374982866,0.000670431847465148,0.0161878108286207
"AT1G18170",52.522694320016,1.88709770363339,0.555175228716665,3.39910285261751,0.000676072870944587,0.0162781210469976
"AT2G32240",242.321640449793,-1.04850976582662,0.308492759097263,-3.39881483408187,0.000676785191616081,0.0162781210469976
"AT3G58620",102.15697758963,-1.30756957388015,0.384938117781804,-3.39683059036862,0.000681711568988689,0.016362557366384
"AT5G17170",186.965669472753,1.09249945770792,0.321669169495665,3.39634494477919,0.000682922371821147,0.016362557366384
"AT4G20460",26.9478146312736,-2.12632668984024,0.626505561101577,-3.39394703233207,0.00068893016116819,0.0164748193435595
"AT5G13200",272.233959919183,-0.937102356114093,0.276234578037691,-3.39241510882186,0.000692793957506747,0.016535478767388
"AT5G06870",1722.16642291668,-1.49424800731624,0.440855321604889,-3.38942944337518,0.000700382302651362,0.0166846330950924
"AT5G44290",199.475555203961,-1.01835633138264,0.30064687414304,-3.38721742670817,0.000706054081686414,0.0167876484804027
"AT3G13750",404.037904727887,1.44857828566187,0.427890564699511,3.38539431613582,0.000710760728834646,0.0168673674677159
"AT2G45960",1303.38844340258,0.989164762161871,0.292263847983272,3.38449236533178,0.000713100020717604,0.0168907094260848
"AT3G15190",268.181016390829,1.09871578998434,0.32498336340932,3.38083703257295,0.000722653893873003,0.0170845253581855
"AT1G80840",90.9683547673142,-1.94363517037172,0.575226977260798,-3.37890128106858,0.000727761360025076,0.0171480908442968
"AT2G44790",24.8860153630901,-2.44318996657628,0.723202353622399,-3.37829371591333,0.000729371317394542,0.0171480908442968
"AT5G13730",120.020978702808,1.16579735786349,0.345088531932944,3.37825586765666,0.000729471719036626,0.0171480908442968
"AT5G67420",419.929980080964,-1.72407520187102,0.510556048421312,-3.37685785371072,0.000733189296437168,0.0172030234356133
"AT5G47230",39.7458875042453,-1.97796330268127,0.586207299717485,-3.37417037221222,0.000740385285527979,0.0173392110383329
"AT1G29700",73.8654390569845,1.3531152257551,0.401467486356773,3.37042294018456,0.00075052894106346,0.0175268135984292
"AT2G16430",212.46990404457,-1.41879304566287,0.420985199012297,-3.37017322459698,0.000751209443900888,0.0175268135984292
"AT5G43290",79.7094678355017,-2.68565795287396,0.797490322374619,-3.36763704527111,0.0007581533506076,0.0176557618602245
"AT1G54820",33.9253422352166,1.75181737173261,0.520925618319516,3.36289349213406,0.00077130115665309,0.0179284349080986
"AT2G04842",157.070684543302,1.1277871632523,0.335885985003048,3.35764876656604,0.000786084300584199,0.0182380340800345
"AT2G28900",701.056589460183,1.22416621298053,0.364681053890496,3.3568133028049,0.000788463337644224,0.018259228110984
"AT1G29070",140.126262987882,1.0890715304427,0.324537606434702,3.35576373538645,0.000791461519877026,0.0182946550577883
"AT2G24600",45.6862887565708,-1.60081630989227,0.477338778874083,-3.35362719464816,0.000797597458669323,0.0183944569317864
"AT3G51340",62.3427533100425,-2.1497585993197,0.641134557900156,-3.35305369649795,0.00079925198940778,0.0183944569317864
"AT5G42070",49.400206643274,1.78674170114346,0.532922599680788,3.35272270722556,0.000800208335904025,0.0183944569317864
"AT1G72520",185.299138866713,-1.78269646211851,0.531924624856717,-3.35140803567555,0.000804017388130901,0.0184479790768377
"AT5G14970",310.321927463059,0.989756531642087,0.29579600770387,3.34607806009661,0.000819633179548293,0.0187717091617503
"AT1G30620",45.8582678203262,-2.03399773023278,0.608926835199143,-3.34029905180248,0.000836882199372493,0.0191143055009822
"AT3G16250",137.683188559882,1.4161124508012,0.423980566220595,3.34004094438707,0.000837660390363295,0.0191143055009822
"AT3G62150",33.4621919226527,-2.19709742080552,0.65792514055248,-3.33943375223593,0.000839493715486228,0.0191211191978847
"AT3G07680",214.501215790741,-1.05677494262906,0.316506624162251,-3.33887148626415,0.000841194710991618,0.0191248994603003
"AT4G26970",568.28099839191,-1.40954804455015,0.422475969289658,-3.33639815519007,0.000848715185742038,0.019260733149654
"AT5G15870",126.741635619982,-1.2801448130797,0.383949827366099,-3.33414608325654,0.000855617085238137,0.0193820604817854
"AT3G53960",106.744320299462,-1.21842815842785,0.365533687805096,-3.33328554679621,0.000858268078478836,0.0194068275676367
"AT3G50480",1275.3194964331,-1.53607195385283,0.461279376726723,-3.33002521108341,0.00086838121057776,0.0195999302583122
"AT3G43540",39.2586370868899,1.72102239459045,0.516979448514034,3.32899576479727,0.000871597297562514,0.0196369452628054
"AT1G19150",213.523198974704,1.08713551265385,0.326837260606548,3.3262288107431,0.00088029633575115,0.0197971336590678
"AT3G20510",60.7145985534799,-1.48996200820171,0.448342004801608,-3.32327105701599,0.000889684188886382,0.019962716667291
"AT5G17860",147.249054766601,-1.08173598112226,0.325539587193453,-3.32290149547753,0.000890863670199357,0.019962716667291
"AT1G26380",20.6297717384352,-3.28993563766829,0.990993502185896,-3.31983573092202,0.000900704303884939,0.0200596303503758
"AT1G30900",62.4260129115611,-1.68118268644666,0.506324904991812,-3.32036340672172,0.000899003399212813,0.0200596303503758
"AT4G23270",174.402533346295,-1.33871773146734,0.403282977416933,-3.31954931507885,0.000901628782102133,0.0200596303503758
"AT4G37925",94.6894681346284,1.4321986067491,0.431317875675413,3.32051762173403,0.000898506866611025,0.0200596303503758
"AT3G61870",835.347069731611,0.895949777321799,0.269998604544017,3.31834965900994,0.000905510534049755,0.0201100815396184
"AT1G32070",189.697125735298,1.03362956558854,0.311911121172561,3.31385928691107,0.000920178023729054,0.0203632291254712
"AT5G05440",56.8255197720426,-1.48324748927643,0.447547727622277,-3.31416606035875,0.000919169005098382,0.0203632291254712
"AT1G42970",1296.94375308615,1.1267027691878,0.340192315915904,3.31195831438567,0.000926453495584771,0.0204075345978172
"AT5G44420",24.7515158019236,-2.47792002609797,0.748187761921444,-3.31189596009209,0.000926660009083447,0.0204075345978172
"AT5G64770",140.955227921804,1.37925845540146,0.416472326672556,3.31176495307905,0.000927094035024043,0.0204075345978172
"AT3G25760",1652.46748586819,-1.12725432432826,0.340524123307406,-3.3103508596677,0.000931790927683801,0.0204747498554012
"AT3G21080",54.4136398100053,-1.66721304461444,0.503780252567616,-3.30940531336263,0.000934943836326671,0.0205078613675951
"AT2G39140",178.311466814977,1.05654960962283,0.319547843538381,3.30638942176409,0.000945066437911888,0.0206934670473536
"AT3G06980",88.6603817289778,1.38403473197308,0.418924162281558,3.30378349254268,0.000953894696749961,0.0208454006564207
"AT5G65220",329.546964593332,1.03312031968972,0.312748742154319,3.3033556348564,0.000955351454756902,0.0208454006564207
"AT3G08600",93.0408847101957,1.8194489925641,0.551142988441238,3.30122859352693,0.000962624180537873,0.0209673682960164
"AT4G04700",18.9863976899755,-2.52904804069267,0.766507071391409,-3.29944515202161,0.000968761563526935,0.0210642239441223
"AT1G79040",5737.37706447078,0.873435175425005,0.264848847113692,3.29786285628068,0.000974237058242464,0.0211084172329163
"AT2G32690",2537.74507587776,1.69144330531563,0.512964188015702,3.29739062654381,0.000975876741805904,0.0211084172329163
"AT3G57330",122.708270981622,-1.24048787962826,0.376127935507705,-3.29804771866737,0.000973595871275926,0.0211084172329163
"AT1G14540",51.9986922869924,-3.31548538860352,1.00616873400419,-3.29515843273034,0.000983662046646026,0.0212349440385695
"AT5G13860",180.885678735517,-1.06315181356104,0.322681753350415,-3.29473793458199,0.00098513505532492,0.0212349440385695
"AT2G28605",115.788322828165,1.2341602866413,0.375545365962345,3.28631477978361,0.0010150750608093,0.0218425219043576
"AT2G03750",39.8766269960446,1.60848300280912,0.489705660052438,3.28459140667658,0.00102130363598913,0.0219386586220493
"AT1G07720",119.083947273966,1.37557949935519,0.419365942668366,3.28014118314561,0.00103755151001838,0.022171527971289
"AT2G34600",55.3539734651053,-1.76159507240156,0.537203751836443,-3.27919353947085,0.00104104212723365,0.022171527971289
"AT3G13950",20.8685090402943,-2.40921997337782,0.734272456357168,-3.2810981162637,0.0010340376685348,0.022171527971289
"AT3G48850",28.179951288569,-2.25736267567015,0.688135118222855,-3.28040615264617,0.00103657744211825,0.022171527971289
"AT4G19100",44.6966646276018,1.71388416421428,0.522632169339541,3.27933155431312,0.00104053307850786,0.022171527971289
"AT1G70890",31.5488662713798,2.88138642615129,0.87926986594485,3.27702169464775,0.00104908308356299,0.022304652112818
"AT1G75900",55.4602277814775,1.57768526266771,0.482433797658108,3.27026271858711,0.00107447642983004,0.0228056249391014
"AT2G36990",141.720489807335,1.05607634000382,0.323220618760601,3.26735449011075,0.00108557655759167,0.0229629852818925
"AT4G27820",58.3382691586437,1.41884299591912,0.434207839998124,3.26765863077289,0.00108441076706312,0.0229629852818925
"AT1G18210",212.953746039395,-0.937324036578166,0.287067667031033,-3.26516756927849,0.00109399335867967,0.0230627127847546
"AT2G42690",157.019686601596,1.38930975567037,0.425474152701525,3.26532116427995,0.00109340025286297,0.0230627127847546
"AT3G29034",182.991470352341,-1.72766051888601,0.529497243943629,-3.26283193849813,0.00110304911778037,0.0232143394568
"AT5G66070",123.612415728551,-1.29465205139526,0.396980019565226,-3.26125242477736,0.00110921247948002,0.0233046851295811
"AT5G08000",18.5374293804842,2.92292645842716,0.897889632949794,3.25532933131727,0.00113260946328694,0.0237561974799528
"AT1G29395",544.054593572923,1.1612090442991,0.357099746877461,3.25177784205367,0.00114685623763667,0.0240145913692693
"AT3G55240",45.4958894558517,1.8884348474338,0.581502141654419,3.24751142284885,0.00116418990915085,0.0243366477820645
"AT5G62480",28.7449233801618,-3.83488350687257,1.18132584654866,-3.24625379024468,0.00116934545135874,0.0244034756758434
"AT5G44240",199.875809123776,-0.936244252956447,0.2885774780105,-3.24434276510789,0.00117721991237626,0.024526727237953
"AT1G12000",180.550047136643,-1.1636776213833,0.359233461311006,-3.23933526998434,0.00119808650766287,0.0249197993305037
"AT5G51010",205.028972390296,1.08568229845357,0.33527661012713,3.23816891981191,0.00120299558623348,0.0249802033481382
"AT5G38870",424.238495642467,1.67436973740787,0.517225436341221,3.23721460655941,0.00120702603209298,0.0250221919032387
"AT5G13080",50.2557116174645,-2.10137846908731,0.649381467823046,-3.23596926184522,0.00121230438043535,0.0250898675678471
"AT4G19170",275.984309314602,1.27282560662466,0.393569817288568,3.23405289408006,0.00122046849798033,0.0252169436423498
"AT2G27500",205.955228501886,-1.04440120623207,0.323265833068043,-3.23078129327772,0.0012345236274153,0.0254651156853763
"AT4G02380",203.361274406171,-1.82048905222459,0.563636463030443,-3.22989936179176,0.00123833799168031,0.0255015752699916
"AT3G50440",44.3737503588644,1.95819681073936,0.606398685562289,3.22922337624066,0.00124126900208172,0.0255197532952741
"AT1G33590",349.545369375539,-0.83752072997397,0.259546046332801,-3.22686760907181,0.00125153352619679,0.0256883957213934
"AT1G32550",37.8432258783184,1.82583008815922,0.566022167701619,3.22572187512224,0.0012565539833462,0.0257490231554445
"AT4G37930",1568.51629725474,0.788543365599205,0.244686444707696,3.22266877734565,0.00127002319636835,0.0259822972143731
"AT5G50250",127.298487629908,1.083776384238,0.337133128056958,3.21468373779896,0.00130588311149165,0.0266721273542204
"AT3G07310",102.90153917947,1.32888040846113,0.413455765663132,3.21408121212138,0.00130862654906726,0.0266844159980835
"AT4G12120",41.7965751229747,-1.57206732815806,0.489797010257431,-3.20963030650555,0.00132905789918005,0.0270567522318371
"AT3G49120",2020.89782630023,-1.02638506312535,0.319876174254206,-3.20869494428078,0.0013333888212506,0.0271006383751407
"AT3G52840",101.319983592096,1.42291677173787,0.443798931915536,3.20621945978157,0.00134491374047942,0.0272845240336662
"AT3G57280",228.100724164689,-0.984987123599483,0.307250363634733,-3.20581271881084,0.00134681613939359,0.0272845240336662
"AT1G67700",288.876916585644,0.974133367348281,0.30410477851836,3.20328201383218,0.00135870857339776,0.0273918286666064
"AT4G25080",332.38298209667,1.01898471572265,0.318087266214175,3.20347534766308,0.00135779664192925,0.0273918286666064
"AT5G05740",50.2979317632859,1.66906091069564,0.520997703332064,3.20358592757911,0.00135727530416086,0.0273918286666064
"AT3G14990",160.780971726933,-1.04422816630972,0.326563359199278,-3.19762807704493,0.00138562864238776,0.0278894139830519
"AT1G25390",151.507584085908,-1.73435831057454,0.54299771034841,-3.19404350611664,0.00140294972551219,0.0281623994385275
"AT3G19930",320.793939411123,-1.09915244530522,0.344142595967504,-3.19388665682352,0.00140371218005663,0.0281623994385275
"AT1G80820",31.3107243114305,-2.08480349953155,0.652918422377281,-3.1930535700628,0.0014077682764105,0.028198368096139
"AT1G78070",100.320026723956,1.13836414768372,0.3571706443518,3.18717163822252,0.00143671488916148,0.0286267811207405
"AT2G01450",238.844882202982,-1.09819808299739,0.344653666076006,-3.18638155079195,0.00144064465548634,0.0286267811207405
"AT3G06490",17.5799308315525,-2.39701865315038,0.751933417186045,-3.18780705626933,0.00143356159473571,0.0286267811207405
"AT4G33050",379.765904563322,-1.30560276138719,0.409694656784231,-3.18677029286911,0.00143870987914257,0.0286267811207405
"AT5G07010",1324.56245663437,-1.02537979467,0.32176702492976,-3.18671496836518,0.00143898508394318,0.0286267811207405
"AT3G11340",832.825002313684,-1.87573796760802,0.589076902414434,-3.1841988031104,0.0014515528410204,0.0287976064431101
"AT5G47910",123.296372678807,-1.29739757531536,0.407594124560784,-3.18306250541127,0.00145726152026649,0.0288648986979335
"AT1G51500",174.76775627868,1.02854871075958,0.323613220377503,3.1783272313775,0.00148127468282968,0.0292475455996435
"AT3G46970",827.114539553623,0.880492511691207,0.276996204721872,3.17871688016555,0.00147928504372995,0.0292475455996435
"AT5G42765",142.788520715742,1.20399886389896,0.378913165465914,3.17750601887512,0.00148547606590389,0.0292840922548997
"AT5G46110",1655.98144798365,0.772451986052968,0.243509704449913,3.17216099373917,0.00151309101017495,0.0297813600249127
"AT3G18830",416.842359313928,-1.56192261883917,0.492583563316866,-3.1708784765813,0.00151978707830812,0.0298659735152064
"AT5G10690",33.5674284337863,1.69963597090413,0.536239548158172,3.16954610442645,0.00152677234058756,0.0299559946320951
"AT1G28380",218.170787079661,-1.23012985168117,0.38827652758092,-3.16817980047687,0.00153396619905211,0.0300498189842614
"AT2G05100",1383.68717286078,1.15584954764343,0.365098115972816,3.16586007178818,0.00154625156197355,0.0302429328267323
"AT1G32470",202.560544922835,0.95465760523586,0.301621616370584,3.16508351332131,0.00155038444393221,0.0302762379105821
"AT1G30757",16.7214435218222,-2.89726000005611,0.91576016816769,-3.16377595441078,0.00155736632776155,0.0303649876018484
"AT3G08970",41.9243978828183,-1.85701601477718,0.58706038887091,-3.16324529806682,0.00156020808792798,0.0303728633867105
"AT5G51640",53.3695320315551,-1.56022429891937,0.493412713370318,-3.16210802162366,0.00156631449709782,0.0304441689849324
"AT5G25440",112.283019191132,-1.47318896949419,0.466506343887702,-3.15791840517569,0.0015890002688664,0.0308370005448699
"AT1G52870",249.744926599831,1.01413149206397,0.321458182717489,3.15478512163192,0.0016061635258265,0.0311216039942028
"AT5G10625",93.3987236270927,-1.3843453159809,0.438872303359406,-3.1543237187315,0.00160870532855179,0.0311224529323397
"AT1G66880",300.519442561302,-1.26266654245663,0.4007550233651,-3.15071918962898,0.00162868997186843,0.0314602300147422
"AT1G65720",2083.86589747559,-0.806832170628081,0.256394864461474,-3.1468343655117,0.00165048429753195,0.0318272254062097
"AT3G01540",448.381349570775,-0.766697101431607,0.243707464718626,-3.14597298985816,0.00165535292264419,0.0318272254062097
"AT5G25460",56.9940052649171,1.69010432585253,0.537203591106123,3.14611509273894,0.00165454882662673,0.0318272254062097
"AT1G52342",46.9154189126725,2.09902231585748,0.667428657520095,3.1449388518267,0.00166121548111577,0.0318907298601254
"AT3G52960",857.769945898599,0.827526802259072,0.263201430863217,3.14408170025918,0.00166608917059033,0.0319350845790538
"AT2G24090",542.472684065161,1.18958339834587,0.378520595517004,3.14271776076298,0.0016738715403071,0.0320349700778589
"AT1G66090",97.1891458948907,-1.14998890733062,0.365992947848202,-3.14210673755272,0.00167736875328537,0.0320526645662308
"AT5G01590",86.8113120358432,1.44731632819483,0.460845917660657,3.14056449830712,0.00168622573009796,0.0321725671842122
"AT1G31330",10968.2390990712,0.808546779435465,0.257574150983332,3.13908354681052,0.00169477120655731,0.0322861689029015
"AT5G65200",54.7310946042362,-1.51958047396114,0.484778722694344,-3.13458574566865,0.00172096949863703,0.0327352045549904
"AT1G02400",58.0323580760721,-1.66061829275902,0.530954807767486,-3.1276076013728,0.00176235297254977,0.0334314101607485
"AT2G47650",200.466318513174,-1.39188674069311,0.445046275133884,-3.12751014548855,0.00176293735256536,0.0334314101607485
"AT5G20050",172.130056701126,-1.40082938165465,0.448399974872852,-3.12406213236713,0.00178372786887572,0.0337742637056575
"AT4G19120",182.579057500365,1.09431966640583,0.350612150607718,3.12116868884619,0.00180134815396348,0.0340561405921562
"AT1G44575",805.934279131309,0.813838604025185,0.260920363117612,3.11910727971178,0.00181399900827367,0.0342433540061844
"AT2G39930",114.647508008868,1.16489175859561,0.373981355009633,3.11483913032403,0.00184045254587352,0.0346901637958218
"AT5G53880",522.760545783861,1.42379458839544,0.457211714274178,3.11408160365205,0.00184518448893739,0.0347268180478413
"AT1G28280",271.888109709359,-0.847363567903472,0.272372601892937,-3.11104553840753,0.00186426187429568,0.0350329392033935
"AT1G64770",166.749507071451,1.35693731753919,0.436280519193852,3.11024044815594,0.0018693510371623,0.0350756695361522
"AT1G27480",104.77878085002,1.13846470821847,0.36626453422979,3.10831271341224,0.00188158860371395,0.0352195603877328
"AT2G05790",118.708243638775,1.12310851495412,0.36134397090957,3.1081423944256,0.00188267334603339,0.0352195603877328
"AT5G48370",98.0707629611541,-1.13297178980085,0.36516866551591,-3.10259859837698,0.00191829634644297,0.0358321651879055
"AT4G19230",55.3598431166951,-1.62798833878128,0.524870067769611,-3.10169780818189,0.00192414270836438,0.0358875658735207
"AT1G09340",624.786961486847,1.18547074546331,0.382401282210491,3.10007000659265,0.00193474907832398,0.0360012059745764
"AT1G25440",1004.20179375682,0.997621664900802,0.321826281819788,3.09987630363712,0.00193601476867856,0.0360012059745764
"AT1G04980",139.898942771948,-1.22889101330924,0.396787307841427,-3.09710262657989,0.00195422205930967,0.0362856224097454
"AT5G44572",252.301342279501,-1.18802827960145,0.383687888324554,-3.09634032178915,0.00195925353528012,0.0363249104107961
"AT5G56980",93.9712833811449,-1.34826704872968,0.435506086346871,-3.095862700885,0.00196241205594823,0.0363294083284681
"AT2G30550",108.086570156512,-1.4282455914882,0.461575786368703,-3.0942818788751,0.00197289944561266,0.0364693682387064
"AT4G11100",77.8262917253327,1.46351671889114,0.47313427657445,3.09323756775175,0.00197985574168351,0.0365437373120517
"AT1G34370",100.851065195343,-1.14163169095361,0.369529565064354,-3.08941908546558,0.00200548326105379,0.0369620058424101
"AT5G52830",86.5576432945653,-1.70100713313532,0.551533651179393,-3.08414025055028,0.00204141334301556,0.0375686393510056
"AT5G42270",469.382796971961,0.863899341114772,0.280429583756289,3.08062840426121,0.00206564266692493,0.0379584690076958
"AT1G02205",437.72491312584,0.937627399156864,0.304807990083934,3.07612473970473,0.00209710091918489,0.03808822293254
"AT1G50450",65.3358379928676,1.37363398026921,0.446535936248376,3.07620029825586,0.00209656953574262,0.03808822293254
"AT1G73080",59.1972481591984,-1.29735494987844,0.421813608132393,-3.07565930749024,0.00210037690658777,0.03808822293254
"AT2G46820",2341.91623237569,0.817215613127907,0.265792941408715,3.07463248947329,0.00210762086548474,0.03808822293254
"AT3G03710",40.7137582078501,1.68463573759953,0.547658022269424,3.07607241946099,0.00209746894609376,0.03808822293254
"AT3G26580",675.516202328349,0.894272201519124,0.290837393612939,3.07481851081799,0.00210630683169817,0.03808822293254
"AT4G16563",101.224006002934,1.66532542347981,0.541491061298478,3.0754439777573,0.00210189411216277,0.03808822293254
"AT4G23700",24.7536601108865,-2.32832712451097,0.756561158433882,-3.07751342843283,0.00208735433669763,0.03808822293254
"AT4G24770",798.401472893901,1.09692549284262,0.356628012433166,3.07582538275282,0.00209920743238912,0.03808822293254
"AT4G37640",117.106323163727,-1.37963839787173,0.448060563448714,-3.07913373864614,0.00207603463827089,0.03808822293254
"AT5G03210",84.047252637395,-1.8674841421934,0.60679983353855,-3.07759501399856,0.00208678301851484,0.03808822293254
"AT5G50950",272.399916984168,0.890573463058618,0.289675567025031,3.07438239339551,0.00210938870081488,0.03808822293254
"AT1G48480",35.7848783735213,1.69316315449013,0.551579153586711,3.06966487670922,0.00214299083822584,0.0386389621612962
"AT1G51090",159.518298269132,0.9340582663099,0.304353952170511,3.06898681501795,0.00214786070465045,0.0386708042185549
"AT5G08790",209.198736714521,-1.14143324136549,0.372236615382114,-3.0664184934998,0.00216639863700235,0.0389482837206527
"AT5G24570",243.973884906157,1.22107498992796,0.398337441451509,3.06542861117565,0.00217358260191926,0.0390211320422364
"AT4G23290",179.367276287535,-1.14153560960428,0.37246919564623,-3.06477857215476,0.00217831206259786,0.0390497697667723
"AT1G01610",260.523000841306,0.923316254048274,0.301478823629105,3.06262391146977,0.00219405616989554,0.0392754968688628
"AT3G51510",117.125682212641,1.21640768426031,0.39743527395318,3.06064349085332,0.00220861902461427,0.0394794611587794
"AT2G05920",119.870363796614,1.40444693064233,0.459046672925848,3.05948613392782,0.0022171705096648,0.0395755406589023
"AT2G02950",41.6711220250725,1.63451910990007,0.534342555027744,3.05893493699973,0.00222125385402827,0.0395917049604266
"AT5G35790",153.189031113538,0.981353162341264,0.320869725782976,3.05841618415884,0.00222510314202983,0.0396036572093567
"AT5G27520",93.0806484014545,-1.13545560107849,0.371326851197339,-3.05783327388586,0.00222943578874238,0.0396241661796594
"AT4G28740",93.3255859489878,1.15463159802389,0.377849825065435,3.05579497839897,0.00224464685160225,0.0398314242525271
"AT5G18860",59.8187958500122,-1.59979836647634,0.523594416004154,-3.05541525573421,0.00224749107067393,0.0398314242525271
"AT3G47450",37.6146794587491,2.00420358977875,0.656199359643404,3.05426020358796,0.0022561630156829,0.0399283167789676
"AT5G26742",642.297897140156,0.931001460849301,0.304891793681736,3.05354712767748,0.00226153196861785,0.0399665628326379
"AT2G26330",23.3219804301259,1.99036294928264,0.652154659513245,3.0519799563622,0.00227337280704758,0.0401189119022745
"AT3G48460",176.557218769847,1.22852270208464,0.402744312974126,3.05037877012447,0.00228552928039622,0.0402763922269541
"AT5G38420",2103.34317321312,1.61859163522116,0.531253981652006,3.04673789020448,0.002313393403462,0.0407098423922784
"AT1G24140",44.280623826555,-1.61528281482984,0.530418986573023,-3.045295993769,0.00232451417038402,0.0408422144743367
"AT5G45410",224.357890194693,-0.863010415564575,0.283426900972279,-3.04491356538166,0.00232747188994133,0.0408422144743367
"AT5G57930",171.644795028036,1.15581494639995,0.38018394580468,3.04014664257747,0.00236462984975341,0.0414358977469447
"AT1G72030",16.8986414600327,2.71306546567231,0.89306117757134,3.03793909511377,0.00238202092179826,0.0416742666419236
"AT5G56100",34.4361865802112,1.91911711120436,0.631793086859194,3.03757219115009,0.00238492271576302,0.0416742666419236
"AT4G39230",84.1645950770986,-1.96676794391139,0.648559001488111,-3.03251969273214,0.00242521272719125,0.042318943092543
"AT4G37300",745.648359574208,0.978856531391638,0.322996596237508,3.03054751286561,0.0024411077610329,0.0425367295030894
"AT5G42100",191.059138384262,1.20456861794753,0.397817501113116,3.0279427490673,0.00246224730069872,0.0428451663678846
"AT5G51110",221.084569100568,1.00426415289994,0.331894893310669,3.02584996979721,0.00247935292998458,0.043082647356594
"AT2G05620",118.519948578695,1.04850407547222,0.346941020651117,3.02213924863786,0.00250995057791821,0.0434930100838428
"AT4G14740",46.1381830728379,1.42766077589175,0.472343834255517,3.02250325367737,0.00250693387787809,0.0434930100838428
"AT3G15850",384.402987759392,1.12324858156623,0.372014977865386,3.01936386543199,0.00253306103908146,0.043771716346624
"AT5G03160",215.673388214449,-1.04395264770392,0.345732969993704,-3.01953454923009,0.00253163416711798,0.043771716346624
"AT2G34070",157.089221630843,-0.902941893080439,0.299436780435383,-3.01546754466019,0.00256583397336752,0.0441733637130749
"AT2G36000",282.194825320864,0.934422228823849,0.309932869828838,3.01491813159375,0.00257048629039082,0.0441733637130749
"AT5G22300",26.4859775691807,-2.28453775497124,0.757434705360856,-3.01615141054679,0.00256005389507125,0.0441733637130749
"AT5G47110",426.371876352674,0.718354195311989,0.238250151471336,3.01512587033304,0.0025687262952329,0.0441733637130749
"AT2G18710",79.0748761855867,1.19563536963683,0.396721214341201,3.01379237211278,0.00258004309536263,0.0442765246902521
"AT2G35780",124.211830713006,0.955112221574607,0.317331754371875,3.00982239695852,0.00261400492383867,0.0447361089919039
"AT4G30060",21.9370252712925,-1.94110125105421,0.644855755223247,-3.01013247587781,0.00261133765927509,0.0447361089919039
"AT2G40540",70.2758148464491,1.34622658238251,0.447715105913439,3.00688219941989,0.00263942023566208,0.0451091038629819
"AT5G20700",1428.50268115302,1.2322040279978,0.409897513671811,3.00612710957886,0.00264598364678779,0.0451593291168892
"AT3G52380",311.616213661809,0.985247861230899,0.327801852187505,3.00562017772654,0.00265039837880332,0.0451727953509036
"AT4G14890",280.055535088353,1.26137509645894,0.419771800829759,3.00490669922465,0.00265662327617882,0.045217034696601
"AT3G43800",149.628997091158,1.14863828861058,0.382315924737649,3.00442177342937,0.00266086174051716,0.0452273893930468
"AT1G13270",55.8309116145464,1.32743705181007,0.441931069081844,3.00371968544314,0.00266700925020574,0.0452701202293097
"AT2G30150",57.4365320553315,1.43021741138587,0.476301690417912,3.00275527078432,0.00267547486490312,0.0453520290365007
"AT1G08520",248.182069423053,0.851956921545968,0.283946534293862,3.00041317167217,0.00269613610368205,0.0454548845950942
"AT1G74790",81.3523465011558,-1.32643330984463,0.441985303863328,-3.00108012246216,0.00269023768178037,0.0454548845950942
"AT2G31020",41.3291194491759,-1.60403794287839,0.534447878446194,-3.00129911178958,0.00268830354310232,0.0454548845950942
"AT5G46420",86.1901190653171,1.25555711484828,0.418415100712175,3.00074522337082,0.00269319800813178,0.0454548845950942
"AT1G24145",115.242234069669,-1.32143726679428,0.440765795883972,-2.99804857621514,0.00271714361014824,0.0457471516741039
"AT1G15820",2477.82201201121,1.01487489503217,0.338852750701108,2.99503218708518,0.00274415882676364,0.0459800042101295
"AT3G44890",120.009070639843,1.2494557084933,0.417188616783319,2.99494199560639,0.0027449703597565,0.0459800042101295
"AT3G49140",98.0263353602885,1.27588730461791,0.426026127243088,2.99485694193093,0.00274573586422155,0.0459800042101295
"AT5G35735",1393.83268315244,-1.7441638624794,0.582241621429286,-2.99560147932714,0.00273904145388408,0.0459800042101295
"AT1G78020",577.786683123325,1.07030632035696,0.357515106839837,2.99373732712348,0.00275583087562841,0.0460871099053079
"AT4G02630",43.0729433144123,1.57234742489097,0.52563256680055,2.99134323898844,0.00277753103434795,0.0463877468591704
"AT3G09010",40.8071581570345,-1.54269931832618,0.516436183478198,-2.98720222881383,0.00281543416149609,0.0469578235851135
"AT1G22070",98.5766322535255,-1.14326089322294,0.38338951258692,-2.98198269824541,0.00286388183334629,0.0477020103765528
"AT3G28130",55.9602058380115,1.42996040167403,0.479647245659915,2.98127512377693,0.0028705077995959,0.0477485402872702
"AT4G16442",28.8760058041632,1.73859628041878,0.583447701948123,2.97986653236208,0.00288374000360529,0.0478409010717954
"AT5G47880",102.355170678312,-1.05348026661143,0.353524955315097,-2.97993182877986,0.00288312538523352,0.0478409010717954
"AT3G07540",27.8354481116466,1.89464968553068,0.636337893349951,2.97742709546408,0.00290678767385211,0.0481591324847387
"AT1G01430",89.3145589117832,1.0881386588779,0.365516310446537,2.97699070541768,0.00291092834851494,0.0481636869776196
"AT4G08685",64.3281004961484,1.40695476257073,0.472750877919167,2.97610185043653,0.00291937887825184,0.0482394448861269
"AT4G37200",163.559434357827,1.04552368069544,0.351655252905372,2.97314961757954,0.0029476073027866,0.0486413766694282
"AT1G68590",1146.73996674584,0.740950041157,0.249466753065672,2.97013542707211,0.00297668491551782,0.0490562398974027
"AT5G03120",38.3348773258037,2.2226368149679,0.748432126976398,2.96972395338928,0.0029806746017286,0.04905710021524
"AT5G02890",27.1594225769463,1.8562934584556,0.625784283083692,2.96634720403698,0.00301360063253677,0.0495335755683055
"AT1G51100",81.6815660744365,1.41109457576519,0.475771414718485,2.96590869504032,0.00301790070352659,0.0495388996906953
"AT4G25845",30.9462834111759,-2.44735959678958,0.825461624112538,-2.96483752278704,0.00302842828977806,0.0496463000820328
