"","logFC","logCPM","LR","PValue","FDR"
"AT2G19190",-4.47008492155214,7.38436398662012,97.4474885548625,5.53036369055757e-23,6.98595541391232e-19
"AT2G44370",-5.36955954006861,5.21009203148469,93.7902345797862,3.50798301661943e-22,2.21564207329683e-18
"AT3G46280",-4.82999295904475,8.10112037548363,92.77938123762,5.84610525803109e-22,2.46160005398162e-18
"AT2G39380",-4.87817072192784,5.77701471328196,91.22144015953,1.28460791777961e-21,4.056791804348e-18
"AT3G55150",-5.72811074213153,4.92209733789922,88.6263813151074,4.76886675590182e-21,1.20480649721103e-17
"AT1G51820",-4.31301558228428,6.38680302138933,87.6815254358382,7.68892204926844e-21,1.48453075786612e-17
"AT2G39530",-4.28857301352245,6.72135829084774,87.5478578727502,8.22650039982811e-21,1.48453075786612e-17
"AT4G12500",-4.34806349696752,10.4651868018992,84.9392340263795,3.07676967663207e-20,4.85821931940204e-17
"AT1G51850",-5.22013102663289,5.41825752642448,81.1816295431749,2.05897071535312e-19,2.88987978626006e-16
"AT5G48430",-6.19851581907555,6.76252108683507,79.1122196038235,5.8680255912836e-19,7.41248992690945e-16
"AT5G64120",-3.68645728700204,9.71238275398142,78.1230568099091,9.68172366908521e-19,1.11181393988986e-15
"AT1G51800",-3.91757248183821,7.72137624203529,75.83489483713,3.08402606529599e-18,3.24645143806824e-15
"AT4G12490",-3.81275424260462,10.2195954681341,75.4961972659378,3.66111311096264e-18,3.55747544751385e-15
"AT2G17740",-4.09075064212927,6.79177854069301,71.0110768401262,3.55224917981809e-17,3.205143688533e-14
"AT2G39200",-3.88603701944846,9.00390886156849,68.8829305956414,1.04485264618214e-16,8.7990524177152e-14
"AT2G43620",-3.1286843812909,9.9369153239384,59.1386014224954,1.46948107855126e-14,1.16015531151622e-11
"AT2G30750",-4.59196407023355,5.63120177825665,58.5610392158707,1.9708076212372e-14,1.46442599243931e-11
"AT1G30720",-3.65302498280214,6.87627528152055,55.9392711087197,7.47445174375078e-14,5.24540413483666e-11
"AT3G45060",-3.10990841954729,7.14375088106473,55.2266908285878,1.07400396532786e-13,7.14043057369555e-11
"AT5G39580",-3.3538067167217,6.60733064368758,54.3619565256283,1.66760247171936e-13,1.05325772113795e-10
"AT3G21230",-3.03430880350838,6.60715966962085,53.787611140916,2.23376826757631e-13,1.3436647979059e-10
"AT2G45220",-3.45204667669441,7.74150723406079,53.5583815815291,2.5102118311572e-13,1.44131799323535e-10
"AT4G20860",-3.4330227255512,8.28880151211241,52.6288964286653,4.0291717043811e-13,2.21289117259748e-10
"AT2G35930",-3.04796035047347,6.46443786500866,52.3752812915316,4.58458407032274e-13,2.41301941567987e-10
"AT1G51890",-2.95628934220688,6.00887990431321,51.425616537655,7.43618685872014e-13,3.75735649597411e-10
"AT1G30730",-3.36802349866098,5.82455409598076,51.2018027928304,8.33420542508423e-13,4.04914165114092e-10
"AT5G44390",-3.17362190715034,5.32499632740823,48.2807166341755,3.69366698912582e-12,1.72808894098657e-09
"AT1G65500",-3.38809353494012,6.07852958222409,48.1981144998791,3.85258623904546e-12,1.73806676327222e-09
"AT4G01700",-3.08088270265261,7.57552292060038,47.8615954266395,4.57393917195753e-12,1.95610729211564e-09
"AT5G44380",-3.40945264395893,6.27163443416785,47.8311167705342,4.64559996544246e-12,1.95610729211564e-09
"AT5G13220",-3.87478078667276,9.60474672697087,46.9116392376453,7.42603752406464e-12,3.02599051625757e-09
"AT1G65845",-3.4996111399585,9.14051072635757,46.1304799510118,1.10633814545052e-11,4.36726982916595e-09
"AT1G02920",-3.04998940994709,9.08584782958324,43.3601415378037,4.55369991447807e-11,1.7431011308996e-08
"AT3G22060",-2.74421766110377,8.54658296330431,43.1418867130714,5.09105723482353e-11,1.89147749971444e-08
"AT3G52450",-3.06955849599866,5.45697834783774,43.0748876731705,5.26841560887556e-11,1.90144645632332e-08
"AT4G23550",-3.39575191843345,5.39610744455815,42.4297187717684,7.32682373293896e-11,2.57090103873569e-08
"AT2G36690",-5.09714876202267,3.93953678390348,41.9494090789614,9.3665685257425e-11,3.19779712478863e-08
"AT1G64170",-3.3131160589077,5.64333565112629,40.6733993803328,1.79919797817195e-10,5.90835333616671e-08
"AT1G30700",-3.84708222893693,6.70781548899035,40.6464930833279,1.82414328776521e-10,5.90835333616671e-08
"AT1G65390",-3.26678774654925,5.38566188897628,40.4880156232392,1.97825719279071e-10,6.24733621483307e-08
"AT1G29660",2.68307414607629,5.47080720225309,39.8132950737124,2.79436480785372e-10,8.60936981775809e-08
"AT1G02360",-3.10968087691498,5.27325655381846,39.6489270855798,3.03971669223836e-10,9.14230982294165e-08
"AT1G17380",-2.59954827605361,6.26505587080031,39.2858608393933,3.66082669537374e-10,1.07543169339444e-07
"AT5G36925",-2.82679623752436,6.18289882596383,37.8474835717581,7.64969928908588e-10,2.19615912317575e-07
"AT1G61560",-2.93862427445459,4.73683989476152,37.762159644312,7.99170184041418e-10,2.24335950329138e-07
"AT4G01250",-3.27981811256385,5.4611452218237,37.2582053201077,1.03478684327185e-09,2.84161465308914e-07
"AT2G35980",-2.6137759925878,6.835036857306,36.748571546879,1.34389052020928e-09,3.61192022367736e-07
"AT1G21120",-3.11097666974865,4.70103493077718,36.3893528800388,1.61583497854024e-09,4.25233905185839e-07
"AT1G14870",-2.52913108828839,5.79897663036582,36.291189626365,1.69930324232972e-09,4.38073439941e-07
"AT2G44380",-3.56087245095266,4.46463729388084,35.9843248070406,1.98911283440234e-09,5.02529466483407e-07
"AT4G36670",-2.75129942151178,8.12766405685019,35.7864853561438,2.20169883711119e-09,5.45330582556638e-07
"AT5G42830",-3.23770186716476,5.53738057377185,35.56244906042,2.47003418003361e-09,6.00028303118933e-07
"AT1G05300",-2.78607008498647,6.15791605561567,35.2660496434811,2.87602162628101e-09,6.85469909116636e-07
"AT3G18250",-2.98716455251209,5.52598131602142,34.6309785699388,3.98513611608598e-09,9.3222665589626e-07
"AT5G37600",-2.3131090786234,9.84026093815157,34.0509170738183,5.36885986013128e-09,1.23308068642143e-06
"AT1G53625",-2.66568243710418,7.36749100612205,33.7424803854815,6.29117552333606e-09,1.41910945019252e-06
"AT5G19230",-2.68107057797571,8.34959710047874,33.5486474225019,6.9503690442596e-09,1.54029932924715e-06
"AT1G09750",2.37253059185071,6.49412542493223,33.4756587304158,7.21614672393141e-09,1.57162698994313e-06
"AT4G01750",-2.74777698108194,5.42048502728416,33.4041531266615,7.48639248236722e-09,1.60284931927564e-06
"AT4G21410",-3.04145454152355,4.89082176636609,33.2811519390088,7.97518778652569e-09,1.67904286865654e-06
"AT1G36622",-3.12565375876743,5.53950832002594,32.9667070362662,9.37506270655060e-09,1.94140642801881e-06
"AT2G38940",-3.20602081194503,4.31625989539221,32.6827550419341,1.08495551421047e-08,2.21050936379139e-06
"AT1G17860",-2.44222714071519,5.31556297170197,32.1707050675601,1.41203841072642e-08,2.831249080047e-06
"AT1G69140",2.73346674729649,8.4766821125815,31.8901734705089,1.63140380477609e-08,3.21998325967681e-06
"AT1G26420",-3.20154348859368,4.68101273081279,31.6675526122766,1.82953518545432e-08,3.55549053271677e-06
"AT5G44575",-2.36198483217354,7.22221364771595,31.6069366045535,1.88754151877546e-08,3.61264007048055e-06
"AT4G12480",-2.29596011186564,9.73066956631067,31.4968493230159,1.99764130216246e-08,3.76629924312182e-06
"AT1G76930",-2.35288531887925,13.9055075301367,30.8888293610589,2.7324001505633e-08,5.07583510322287e-06
"AT5G06570",-2.40478596944128,6.43488400102585,30.806078874271,2.8514323589983e-08,5.2201874722995e-06
"AT1G56140",-2.23080323144346,5.57286778084196,30.7054525635582,3.00319944842955e-08,5.41948791893744e-06
"AT3G44860",-2.39079577540654,9.17904113924928,30.6703735813802,3.0579872236144e-08,5.44063304347847e-06
"AT2G27660",-2.59137368295953,7.07881080876802,30.2338493044309,3.82967006917019e-08,6.71894337691081e-06
"AT1G02930",-2.20799165255822,10.4341438959637,29.8567263089767,4.65180233726172e-08,8.04952974305344e-06
"AT2G23320",-2.15362329643978,6.14368628684285,29.6574949394414,5.15529154278557e-08,8.80022199573884e-06
"AT1G30755",-2.2283873195892,5.95609305776993,29.5552263324823,5.43459160910293e-08,9.15330149415842e-06
"AT5G64905",-3.95053640865176,4.00117691261619,29.4245401265838,5.8136789450458e-08,9.66294637287086e-06
"AT1G22900",-2.6865637777393,6.81821776226765,29.1643652085317,6.64909223929132e-08,1.09079653463283e-05
"AT5G50200",-2.34853030448231,8.27359860813288,29.1242597601569,6.78816346763811e-08,1.09933437081032e-05
"AT1G64400",-2.21616611973638,5.95132845164913,29.0242887908673,7.14764746964814e-08,1.14289978274171e-05
"AT1G15520",-2.98698781360376,4.86051847741359,28.9266626245917,7.51710341038543e-08,1.18695062849986e-05
"AT1G07160",-5.0003202185743,4.55191645697069,28.8296681487183,7.903118240199e-08,1.23249616802708e-05
"AT3G14210",2.43267781509119,8.45154448416201,28.7964703295831,8.03975001827965e-08,1.23851368574279e-05
"AT2G10940",2.65313177934747,10.0738158871106,28.7544909932308,8.21591787212591e-08,1.25040330796017e-05
"AT5G24110",-3.61561235536754,3.97952861397324,28.7159180350912,8.38119878810857e-08,1.26037265584985e-05
"AT2G45290",-2.59630823916747,5.80072946011849,28.6704716306576,8.58021207748083e-08,1.27512045838515e-05
"AT1G52200",-2.28031098328678,7.62869529765908,28.5190109680057,9.27829830062882e-08,1.36283097829701e-05
"AT4G21120",-2.10052154053825,6.17378890015998,28.3299621096436,1.02300258219567e-07,1.48535271474663e-05
"AT5G55930",-2.3818932785452,7.06009380514288,28.2348344394971,1.07453233296659e-07,1.54244232159477e-05
"AT4G22470",-2.35286167769781,12.4352860729136,27.942135152487,1.24997982549405e-07,1.75621834430813e-05
"AT3G20820",2.36925878349486,5.11859729332428,27.9235507488115,1.26204303937634e-07,1.75621834430813e-05
"AT1G49000",-2.61932395051009,5.14925797893127,27.91876735636,1.26516679331887e-07,1.75621834430813e-05
"AT1G68620",-3.19017640470361,3.98760407230083,27.8373283192903,1.31955473422166e-07,1.81180602203131e-05
"AT4G35100",2.09233494741162,6.37405987098415,27.7845551829711,1.35604351965333e-07,1.8418862086302e-05
"AT5G05190",-2.405628379888,4.84681099498852,27.4825274019834,1.58520177626513e-07,2.1302413657214e-05
"AT2G39210",-2.11959156183894,6.9245515709105,27.1078121583347,1.92418781726833e-07,2.55856215870879e-05
"AT2G39518",-2.92285811426694,7.16266190795451,26.8493237309861,2.19951304413327e-07,2.89419258057203e-05
"AT4G30190",-2.34085286810106,9.50880036898663,26.7415220899934,2.32569861301762e-07,3.02868297728233e-05
"AT2G27690",-2.52326959825685,6.47839688667599,26.6385500248062,2.45300171349004e-07,3.1618691474292e-05
"AT5G38900",-2.65320764267674,4.41452338685361,26.3335723578723,2.87251774024811e-07,3.66521657523374e-05
"AT1G30135",-3.11902028264912,4.27711295440426,26.2069728108858,3.06713038567965e-07,3.87439910319053e-05
"AT3G17170",2.17078212636517,6.83478986870562,25.9627062766437,3.48076872428891e-07,4.35337331932847e-05
"AT4G37520",-2.07418602160197,6.79558858337057,25.7529519187975,3.88033064008667e-07,4.80552320054655e-05
"AT2G39420",-2.65183524137185,5.21705011747138,25.6713881761615,4.04784175681515e-07,4.96430457010572e-05
"AT2G42360",-2.25799666524135,5.50816900185466,25.5157674572707,4.38782365086299e-07,5.32951811131743e-05
"AT3G14060",-2.08382714830996,5.99611481366858,25.4252427374524,4.59861302904805e-07,5.53235045551761e-05
"AT5G64750",-1.9723465715577,5.95048846560525,25.3838136439972,4.69843936637959e-07,5.56250282402924e-05
"AT5G04860",-2.94136785612618,4.14366057917151,25.3783578484406,4.71174637564224e-07,5.56250282402924e-05
"AT5G11420",2.24984471950847,5.61928861082395,25.1784452094152,5.2263067046698e-07,6.11284317531379e-05
"AT1G51790",-2.44756270039307,6.12493425719843,25.1553907978583,5.2891595423038e-07,6.12960214113593e-05
"AT3G27690",2.17003612057012,8.63834539611187,25.1089354583489,5.41812145717827e-07,6.22197365882508e-05
"AT2G25735",-2.46445000549258,5.211560052678,24.9907119638637,5.76071564754674e-07,6.55579820358652e-05
"AT5G26920",-2.26189780975935,5.55724007151269,24.9019506640028,6.03213576260756e-07,6.80338740654095e-05
"AT2G37040",-2.11441375925654,7.79556496611652,24.7982523461085,6.36551573951404e-07,7.06453947868044e-05
"AT3G16530",-1.91338531627921,7.08392470536926,24.7830953916924,6.41576764572195e-07,7.06453947868044e-05
"AT3G49620",-2.44743424252091,5.05995295908514,24.7783866222394,6.43146010171193e-07,7.06453947868044e-05
"AT2G45180",1.90881370398088,11.0730114282469,24.6827102529387,6.75878005531007e-07,7.36007841885145e-05
"AT5G61560",-1.98035583074755,5.76506647918972,24.5262699212368,7.33035703583425e-07,7.91427949373148e-05
"AT3G14050",-1.92589605538274,6.77641724030414,24.2161531426172,8.61070584726296e-07,9.21783358157845e-05
"AT4G12470",-2.21096796897827,9.81649172402323,24.1617033859032,8.85762413234425e-07,9.40247966720778e-05
"AT4G21400",-2.51220517783727,4.33822860114487,24.016640835912,9.55066806127928e-07,0.000100536699125067
"AT5G25260",-1.96381178341626,5.79315225934772,23.9830635021977,9.7186860802326e-07,0.000101459869888841
"AT5G54630",2.25166479732515,6.22390399602767,23.893430449977,1.01818634872053e-06,0.000105424016041293
"AT5G16030",2.88920647629042,6.44058936700915,23.6823112991964,1.13622086311554e-06,0.000116688958885166
"AT4G32650",-2.47705604172557,4.58697333428189,23.4914793761473,1.25468204102238e-06,0.000127815673727376
"AT1G19020",-2.08206040187832,7.21902700010644,23.3841252011897,1.32668881100836e-06,0.000134069864485261
"AT5G16170",-2.89833115061179,4.37847462032557,23.1749328107514,1.47912897776262e-06,0.000148288549580139
"AT1G61360",-2.16132654449412,5.27922261282809,23.0692861928162,1.56267096387166e-06,0.000155430390674227
"AT1G12940",-4.12430560753014,3.76861732114476,23.0021657900759,1.61818995817721e-06,0.000159695121497614
"AT5G49730",2.81428683741457,5.24390798091439,22.961062976297,1.65316075662023e-06,0.00016085607043997
"AT4G37530",-2.08271244239961,7.79442239292305,22.9584354718674,1.65542187754877e-06,0.00016085607043997
"AT2G38870",-2.16782189415853,9.25754989033336,22.891315255049,1.71424644812838e-06,0.000165300466662273
"AT5G01540",-2.12366358585003,5.17338478518939,22.8728099650243,1.7308302197138e-06,0.000165635207086551
"AT4G26200",-5.18403331631128,3.28313902917168,22.8049797497266,1.79300517340616e-06,0.000170295047747869
"AT3G26830",-2.70634540903529,5.14216784206387,22.7736502492397,1.82247420613734e-06,0.000171802195312887
"AT4G15233",-2.71464817497544,4.11271236502483,22.663259246008,1.93023601823891e-06,0.000180612899128844
"AT5G67080",-4.1639159697219,3.33039814057387,22.3612559637487,2.25885238628358e-06,0.00020980752458481
"AT3G13790",-1.91164702130489,8.82110562379187,22.3222283893165,2.30522728624121e-06,0.000212552051677365
"AT3G51330",-2.33503647547474,7.43776937021405,22.0303966543262,2.68366563300763e-06,0.000245652639682263
"AT3G25780",-1.96600115764698,6.78870087746535,21.821246545827,2.99267789509904e-06,0.000271967677488425
"AT3G45290",-2.80096091522696,4.07564446859479,21.6617898291782,3.25205019437859e-06,0.000293427843252788
"AT2G22880",-2.22975742385775,5.5595260505582,21.5363551733387,3.47184087846493e-06,0.000311037545934532
"AT1G61120",-2.18824463815736,6.20964469921852,21.4815303664313,3.57253057142444e-06,0.0003178042688608
"AT1G80450",-1.96353028012813,6.38340135820714,21.3900771220356,3.74705461601844e-06,0.000330998558808007
"AT5G44585",-3.39080133711499,4.41916310143098,21.3222437061834,3.8820079930967e-06,0.000340538367838871
"AT4G37800",2.73384120598716,4.14564936140724,21.2579144301428,4.01449362048426e-06,0.000349731609751429
"AT5G48540",-1.87606074390621,6.25888994219625,21.2062958739848,4.1240757172931e-06,0.000356817290827716
"AT4G38840",2.90816371843027,3.77381241490676,21.180478755058,4.18000450320154e-06,0.000359196033227495
"AT3G23550",-2.33479421129923,5.53761221939884,21.1499947496446,4.24702419016117e-06,0.000362489253852134
"AT3G18050",1.84178466032554,7.31728468707233,21.0335792532725,4.51304055415852e-06,0.000382608914631748
"AT3G54420",-1.90205636902442,5.77296324754486,20.8889633912746,4.86690687631462e-06,0.000409858451077375
"AT1G65486",-3.03780425488232,3.78617486563974,20.821245224417,5.04205423545559e-06,0.000421796219220364
"AT1G15260",2.1269425610627,4.91277658596087,20.7441449143971,5.24918281649885e-06,0.000433581108154736
"AT5G24230",-2.97079811301315,3.82469995925792,20.7432720034034,5.25157611998691e-06,0.000433581108154736
"AT1G20010",1.74618937043684,7.04514899082924,20.6877450611928,5.40608942927066e-06,0.000443439751107448
"AT3G23250",-2.21547722366348,6.48015917268574,20.6195891181047,5.60199716457478e-06,0.000456544697954249
"AT4G23810",-2.04827868568433,6.19332908971773,20.6059761807819,5.6419719042072e-06,0.000456855058294521
"AT3G62550",1.78057846445985,8.14629641701904,20.5461604084702,5.82104320904323e-06,0.000468352979723784
"AT4G23300",-1.73867867986823,6.3049583053086,20.5217749143535,5.89567325976871e-06,0.000471355345679736
"AT5G40780",-1.76927511548155,7.85923493844561,20.2661226093563,6.7383212042938e-06,0.000534101799751226
"AT5G21100",2.25117722955565,4.37445060194851,20.2585446825878,6.76506396138349e-06,0.000534101799751226
"AT5G38710",-1.82589695927986,6.49351767312448,20.2413653456016,6.82608562581361e-06,0.000535572134318494
"AT4G19810",-2.80666801912306,6.93756127731578,20.211728985138,6.93265674899729e-06,0.000537423975694327
"AT2G30490",-1.75534510794052,7.63170784242025,20.2111439066774,6.93477739377575e-06,0.000537423975694327
"AT3G05030",2.2337103776154,4.55465141043772,20.1701760236861,7.08489810978522e-06,0.000545709956846384
"AT3G51440",-1.68343475221959,6.77965527442343,20.1567381378538,7.13484636775847e-06,0.000546226541318333
"AT1G51080",2.86049271781484,4.4197279382346,20.1436926311568,7.1836743016888e-06,0.000546651649270681
"AT3G44990",2.05682723647751,4.88080809193158,20.1063399727007,7.32534455940551e-06,0.000554094326194074
"AT5G24430",-1.96331393575457,5.80161021683313,20.0146556058344,7.68508963544633e-06,0.000577845549255702
"AT4G23215",-2.75721118401264,4.01676384433463,19.7819874140141,8.67968076162358e-06,0.000648767617638042
"AT4G35180",-1.90506876750606,4.92647401769507,19.7432587211628,8.85735688190465e-06,0.000654643466352743
"AT1G55450",-1.80999861248188,7.15248931930911,19.7422699591608,8.86194052773267e-06,0.000654643466352743
"AT2G40610",3.15590450559319,4.60929095790158,19.6941563458928,9.08788425731509e-06,0.000667431127548862
"AT1G65690",-2.97752904603625,4.67857232979394,19.5765729062543,9.6647050267507e-06,0.000705691062993727
"AT5G46050",-1.70208848477476,6.78853219380721,19.5207321811969,9.9513751259734e-06,0.000722446957421242
"AT4G20830",-1.85987617793438,9.52397931124151,19.4229699323303,1.04739721298023e-05,0.000756041233963789
"AT5G53110",-2.45902949410108,5.06165263737464,19.406532412926,1.05645083036872e-05,0.000758243573251006
"AT1G08090",-2.41841926726046,4.52308449672076,19.3189566528849,1.10602809112903e-05,0.000789341629782031
"AT5G51720",1.6901233869994,6.63601171586,19.2722247296601,1.13343255962126e-05,0.000804355061412121
"AT5G33290",-2.19978085104769,6.5565439810102,19.2527940308079,1.14502682371614e-05,0.000808043510457112
"AT2G18690",-2.0582501600304,6.48027430300925,19.1886029328042,1.18418291879427e-05,0.000831033257233844
"AT2G24570",-1.80707815666985,5.05809682870373,19.0720599460533,1.25874270297876e-05,0.000878477227846832
"AT3G26500",-2.642320375685,6.64909484377334,19.047468595576,1.27506801548838e-05,0.000884981273167538
"AT1G19180",-1.89538222979144,8.89783641329326,18.9530465953862,1.33975172467492e-05,0.000924794742409483
"AT3G15356",-2.04253150746248,6.84110807085688,18.9131939409249,1.36803237538709e-05,0.000939183965537485
"AT5G01015",2.70803175916201,4.369511060102,18.7473324138438,1.49231961731136e-05,0.00101897196788525
"AT1G19380",-1.8414790693113,5.20624666920465,18.7292005006277,1.5065766054988e-05,0.00102317611186349
"AT1G74070",1.87704736612736,5.5389580201782,18.6495146116601,1.57087260015893e-05,0.00106113704198971
"AT4G16260",-2.31447906112825,4.82544559848383,18.3396130496318,1.84823873635007e-05,0.00124185913391352
"AT5G61890",-1.86617374851888,7.23623592368533,18.2802162989581,1.90677162879054e-05,0.0012744094822689
"AT1G25220",-1.76404745088376,5.87745882965769,18.2213809962961,1.96658717408537e-05,0.00130746995700244
"AT3G52190",-1.77851012238771,5.70420671044427,18.2111887580707,1.97713916118052e-05,0.00130760324000169
"AT1G49975",1.98061645035353,4.97964766275077,18.1440033360545,2.04813369549415e-05,0.00134750129382719
"AT1G10140",-2.31442803671634,7.22724905817819,18.1139354901512,2.08073047634132e-05,0.00136185426824578
"AT1G14150",1.72759376734903,7.27822818991969,18.0965699172354,2.09979354194163e-05,0.00136724701143333
"AT3G22142",1.91328676810274,8.73863197861944,17.9576428296476,2.25875629610326e-05,0.00146321074525007
"AT5G57220",-3.01862397379945,3.76416742869982,17.9452506151623,2.27351006281018e-05,0.00146525403639889
"AT3G15570",1.92626355421909,5.28372357649903,17.7268632430301,2.55000015458987e-05,0.00163510669811062
"AT3G50740",-1.86705631959925,5.82523063310729,17.7128535091832,2.56884933484022e-05,0.0016388739796819
"AT4G02330",-1.88041004959712,7.35053972748879,17.6070305604389,2.71582467832097e-05,0.00172393453952515
"AT1G13110",-1.59768092276647,6.76816080984328,17.5236883090201,2.8375028685283e-05,0.00179216681176247
"AT1G12090",1.87826031556136,9.7737598399701,17.4779101426872,2.90665409827396e-05,0.00182670918255705
"AT1G06620",-2.93085785517845,7.17506267496547,17.4629476969871,2.92962121987819e-05,0.00183202847769809
"AT2G01590",1.69248832058514,5.38990806221368,17.4460266905656,2.95581453267432e-05,0.00183247167206402
"AT1G76070",-1.90926215444526,6.09070006997873,17.4437587405407,2.95934310561321e-05,0.00183247167206402
"AT2G32100",2.03189211578283,4.86210475578761,17.3791724277131,3.06162585792291e-05,0.00188655891889181
"AT5G58350",-1.61558151951621,6.84178982014785,17.2994583261259,3.19277851787731e-05,0.00195782418630224
"AT1G18860",-3.25243883848671,3.52230125969221,17.2237764979833,3.32251959995897e-05,0.00202753949694115
"AT2G06850",1.63194353745874,6.00019413263976,17.2050525649103,3.35542750108569e-05,0.00203777693239011
"AT3G46690",-3.28039453346534,3.86960039351444,17.1072957796475,3.5326339728167e-05,0.00213193215919971
"AT2G36580",-1.81272943352654,5.50623524832051,17.1010775361461,3.54421907403372e-05,0.00213193215919971
"AT1G27730",-1.98563501099262,6.74290041053047,17.0656450577941,3.6109652769429e-05,0.0021617873639025
"AT4G17500",-1.73316743788814,5.1989285395032,17.001097739141,3.73582133421122e-05,0.00221985747515807
"AT5G13420",-1.63836078019489,7.3843590050908,16.9973970186353,3.74310989715539e-05,0.00221985747515807
"AT5G57550",2.5809636189515,4.20693945578176,16.9372303398392,3.86363366110636e-05,0.0022806271218269
"AT5G01100",-1.84982582227278,5.28245260333375,16.8991049270832,3.94201667463955e-05,0.00231607230856031
"AT1G20510",-1.90026665258672,8.14487788956521,16.8053052645396,4.1417350753144e-05,0.00242214803108201
"AT5G08050",1.56383925027204,6.40603581153257,16.7636499501626,4.23365982018134e-05,0.00246449727412584
"AT1G18300",-2.56892725693804,5.52771981555229,16.7237297728812,4.32367982511726e-05,0.00250535429132483
"AT5G05730",-1.89487798270315,7.56675756705763,16.5829743422232,4.65671974936314e-05,0.00268601296228106
"AT5G25930",-2.38401522533996,4.14986750272585,16.5737343569881,4.67946376600874e-05,0.00268686301328284
"AT1G19640",-1.65212736323514,5.89787028825884,16.4715652459088,4.93852084881287e-05,0.00280980934211401
"AT3G63380",-1.75733272066648,5.77250843503808,16.466662698911,4.9513080111022e-05,0.00280980934211401
"AT3G51450",-1.91578502372136,8.90280252350814,16.4632156009751,4.96031889876048e-05,0.00280980934211401
"AT2G02220",-1.74002375831023,5.0379443416923,16.4401649177021,5.02099982213412e-05,0.00283148525683921
"AT4G01720",-1.6110054324368,6.44964386228851,16.375412245659,5.19548486541669e-05,0.00291686065866416
"AT3G55800",1.56491240046465,7.71568074461329,16.3260404729852,5.33261018245094e-05,0.00298059875330621
"AT4G14450",-3.13236141759039,3.65987722493148,16.2694887330189,5.49415528878896e-05,0.00305736429991111
"AT1G15670",-1.84596347238185,5.9817257460576,16.2199587310087,5.63968038620092e-05,0.00312458081747763
"AT4G24750",1.85549243246296,5.0603153183525,16.1472768832613,5.86027626171827e-05,0.00322269804065025
"AT2G43590",-2.46856407384164,4.00294149460259,16.1448466160505,5.86780042233659e-05,0.00322269804065025
"AT5G54710",-1.62680208275853,5.69593922359648,16.131228421642,5.91014276341292e-05,0.00323190144534337
"AT3G43270",-1.72089710396241,8.17664074278781,16.0196373840115,6.26888799427179e-05,0.00340583815805733
"AT3G25610",-2.01414009196668,4.66662729537957,16.0156383828912,6.28214289762e-05,0.00340583815805733
"AT5G05340",-2.40999923552911,5.40550616304318,15.9340495768439,6.55881366474963e-05,0.00354063821423578
"AT1G05010",-1.8329075195521,8.23731528968014,15.9100735223207,6.64242388286983e-05,0.00357051482929412
"AT1G55260",2.3456070539957,4.2944948727077,15.8102174597112,7.00233513083216e-05,0.00374802954968948
"AT4G11170",-3.58972367474165,3.39935093446118,15.7888755838614,7.08176699492821e-05,0.00376836449564917
"AT2G21330",1.92348899074296,7.84921682487526,15.7840133335396,7.0999901042155e-05,0.00376836449564917
"AT5G48657",-1.68964901670336,6.33740677852705,15.7295837135864,7.30723379434654e-05,0.00386213294101195
"AT3G26210",-1.87877128616521,6.63112615221915,15.5759366242992,7.92568721851872e-05,0.00417155337268036
"AT3G53180",-1.49881204016648,7.38865410796378,15.5245422762535,8.14410044187182e-05,0.00426872517766493
"AT2G22980",2.03592523626708,5.11432690912638,15.4998434746749,8.25120861573812e-05,0.00430699451380182
"AT3G49780",-1.67994936097884,7.46431991825408,15.4899208709417,8.29463674985481e-05,0.00431146955231556
"AT1G72450",-1.53617260230865,7.08884252907505,15.4823232817332,8.32804441707565e-05,0.00431146955231556
"AT3G19010",-1.8275902879051,7.49275508506067,15.3438859393345,8.96104506783696e-05,0.00461603942274577
"AT5G64660",-2.74692350492514,3.96384197857592,15.3379094568612,8.98943712789312e-05,0.00461603942274577
"AT1G21100",-2.83116711708198,3.94189443186595,15.3071661929558,9.13692379559697e-05,0.00467277819376441
"AT1G74000",-2.47171370187985,4.21038717794021,15.2903716814867,9.21851910487505e-05,0.00469549731180571
"AT5G59820",-1.71539341245462,6.19581887526513,15.2825661951644,9.25669086668133e-05,0.00469600478023769
"AT3G48360",-1.99831031900065,8.11305413474196,15.2614036952741,9.36098556057036e-05,0.00472991878404499
"AT1G62300",-2.01512527798217,7.42336810384357,15.2108312917817,9.61503536532122e-05,0.00483892935198158
"AT5G58940",-2.014734852997,4.3060931449173,15.1872110745269,9.73605714002962e-05,0.00488039181717675
"AT2G45300",-1.65287956094605,6.33765970301677,15.1640323878038,9.85630685038153e-05,0.0049211410329652
"AT4G21390",-1.98526704476181,4.9977220152259,15.1228679345854,0.000100735621394541,0.00500981247817263
"AT1G74360",-1.67212447235229,5.11177243781248,15.0973873977564,0.000102104501475334,0.00505797671622125
"AT4G26540",1.92839374266175,4.53016394606202,15.0815794349752,0.000102963140036243,0.00508058744116339
"AT4G18670",1.670804468981,6.13703320436018,15.0242129597015,0.000106140602174335,0.005216996446172
"AT3G54050",1.52254723475018,7.68097966290821,15.0018181252634,0.000107407646046142,0.00524098475850469
"AT1G51860",-3.36117848372607,3.44216856728212,15.0009258477467,0.000107458443037739,0.00524098475850469
"AT5G03610",-1.7378572391017,6.35649652963261,14.9900258610135,0.000108080930082123,0.00525107041845144
"AT3G59700",-1.72094525922731,5.16774956671764,14.935389652177,0.000111256270629707,0.00538463299078337
"AT5G46350",-1.53178103842596,5.67751149957492,14.9247034539284,0.000111888223787413,0.00539454978199466
"AT1G72430",1.68662137777554,5.3302041493682,14.8900628196147,0.000113961725064358,0.00547362931944096
"AT5G05690",1.47023075459893,7.34087066584422,14.816826501963,0.000118473696156534,0.00565885698016424
"AT5G38520",1.53844754526613,5.46206112775089,14.8130028104709,0.000118714146591476,0.00565885698016424
"AT5G27420",-2.17877058766347,4.88479690929301,14.7423188338041,0.000123248609876954,0.00585291894723939
"AT4G34090",1.77355557487324,4.89762342219541,14.7262222087606,0.000124305368329363,0.00588099405519294
"AT2G15390",-1.79817436162871,5.25668837904957,14.7171236514823,0.000124906727292532,0.00588739469835548
"AT1G33610",-1.78468738796214,4.88493580927589,14.7033938556929,0.000125819731683302,0.00590838234432518
"AT3G22120",1.67470589741373,10.8065886876399,14.6629739500486,0.000128546767674271,0.00600795935105821
"AT4G18950",-1.63238183982837,5.78636926975374,14.6579264363563,0.000128891464861999,0.00600795935105821
"AT3G22160",-1.54715972275045,6.66961232406272,14.650229089614,0.000129418912830569,0.00601036656939611
"AT5G06530",1.75610955172835,5.48270190500823,14.620137980233,0.000131501792431201,0.00608472762634042
"AT1G71520",-2.27407635256789,4.49514832171917,14.5695669629363,0.000135078581031819,0.00622741837808008
"AT2G40095",-2.28556007946778,3.97760756434328,14.5496817876223,0.000136511706461126,0.00627060318551615
"AT3G44020",1.70963403585929,5.55442783878518,14.5403772837376,0.000137187530135862,0.00627440876332246
"AT1G53310",-1.43928405677051,7.49306888345362,14.5289553773478,0.000138021756896466,0.00627440876332246
"AT5G64460",1.49082416538803,5.62748825151439,14.5212555853192,0.000138587010243408,0.00627440876332246
"AT3G16370",1.69580924956689,6.26968126096818,14.5166896852314,0.000138923300113789,0.00627440876332246
"AT1G61380",-1.47050744952162,6.08663851589322,14.514591776628,0.000139078091650593,0.00627440876332246
"AT5G22270",-1.65891589624698,5.71966231761042,14.5071433738928,0.000139629066733224,0.00627684829528145
"AT2G45570",-1.70072866968873,5.62781329439203,14.3948186827774,0.000148209550398234,0.00663894695259038
"AT1G70890",2.88180944969024,3.98810610968444,14.3790849637393,0.000149453123899861,0.00667099597562913
"AT2G29180",1.52078377782001,5.37416688972946,14.3506256111937,0.000151729269234968,0.00672662171389174
"AT3G50260",-1.84135028492186,4.59180163776355,14.3501904366464,0.000151764343608229,0.00672662171389174
"AT5G61160",-2.82448799500608,4.15021129393199,14.3170288208331,0.000154461275140916,0.00682221967685334
"AT3G52180",1.45437283428223,5.72945464793285,14.2921762282832,0.000156514053794473,0.00687732513397357
"AT1G25400",-1.90978041325447,5.37216306636896,14.2887669772937,0.000156797786461715,0.00687732513397357
"AT1G18170",1.90486574831451,4.68944477569121,14.2495783392031,0.000160096673089471,0.00699772032687265
"AT4G31550",-1.63983120910918,6.82149767980761,14.1791610722754,0.000166201033753047,0.00723948778747755
"AT4G34200",-1.49375458852817,6.76769317513472,14.0972697758791,0.00017359557316552,0.0075355989011232
"AT2G15970",1.45352452563648,8.79998404450514,14.0867755913916,0.000174566818230491,0.00755180838317658
"AT3G47380",-1.57829901567821,6.34682983260727,14.0446796271654,0.000178518161514233,0.00769638708616996
"AT3G57550",-1.5011619774406,6.04398952390244,14.0297676059425,0.000179939386242831,0.00773127322115457
"AT3G06350",-1.5590552342253,7.20314113281546,13.9614749412043,0.000186595211721239,0.00796660965785277
"AT4G26530",1.79496026536202,8.79255624321805,13.9606410532619,0.000186677997049115,0.00796660965785277
"AT1G51760",-1.47262603525165,6.49297299580848,13.9313191873788,0.00018961260810728,0.00803754335488458
"AT3G07390",-1.53397179019201,8.25285355461371,13.9279860038413,0.000189949130200066,0.00803754335488458
"AT3G09830",-1.63118340639481,4.96117230321221,13.9198116579917,0.000190776970912196,0.00803754335488458
"AT5G09660",1.45143807113953,7.85508604510573,13.9187447094059,0.000190885291835448,0.00803754335488458
"AT5G43580",-3.06617874972966,3.88855174968188,13.9068419421944,0.0001920979178956,0.00806173056098742
"AT5G15780",1.85774966261397,5.48973855034234,13.881831179032,0.000194671301528602,0.00814267510234869
"AT3G51340",-2.10959909780095,4.91971055262293,13.8255645432948,0.000200588314277823,0.00833956852627468
"AT1G68010",1.4723467003941,7.88872835435936,13.8216794192336,0.000201003500314108,0.00833956852627468
"AT5G56850",1.7349804439059,4.80805847420173,13.8106793914459,0.000202183726545588,0.00833956852627468
"AT3G52400",-1.67013089684794,6.29723231918407,13.8089053272698,0.000202374723976341,0.00833956852627468
"AT4G13840",1.47149333476085,7.60718269985714,13.8060778615811,0.000202679507407087,0.00833956852627468
"AT1G10585",-1.57532457042479,8.2604428574927,13.7251538150377,0.000211601435805065,0.00867840693860254
"AT1G65730",-1.99806294222423,5.52425429947083,13.7002250433411,0.000214428789992555,0.00876590445043997
"AT1G09932",-1.69456045075114,5.77502434725714,13.6916531167373,0.000215409764235905,0.0087776004575095
"AT3G02050",1.6321969037185,4.93016100535639,13.6430914844628,0.000221053166968462,0.00897859680111131
"AT5G43290",-2.65112431922908,5.25974730886278,13.6333246787739,0.000222206049881442,0.00899649622468711
"AT2G39010",1.60406148705766,7.97356225850334,13.6265787817546,0.000223005877581722,0.00900003273358567
"AT5G10300",-2.02698492498663,4.40837807319985,13.5819987677628,0.000228364942658508,0.00918696164223652
"AT5G55120",-1.49397315611608,5.32632636124091,13.5383728127617,0.000233734954978951,0.00934439652642433
"AT3G07195",-2.18445739532549,6.48822394234063,13.5348754077599,0.000234170928682591,0.00934439652642433
"AT1G29910",1.54639938487663,9.67753162264261,13.5322591201382,0.000234497601241016,0.00934439652642433
"AT3G63190",1.44047157426522,5.56185327845646,13.4974520692434,0.000238887599691523,0.00948939672736892
"AT5G63780",1.47357626806877,5.92782066688142,13.4688437249998,0.000242557743547247,0.00959477902516052
"AT4G23400",1.82056550815964,5.30035988888824,13.464965497602,0.000243059633316289,0.00959477902516052
"AT4G29740",-1.60346742004657,6.02586454170535,13.456650572885,0.00024413921587707,0.00960737250766088
"AT3G54640",-1.60105809145414,7.77959845852766,13.4036158314907,0.00025113971203436,0.00978454963220834
"AT1G55490",1.39624558540674,6.56101112379122,13.4023223526076,0.000251312953221342,0.00978454963220834
"AT4G39330",1.65103353043872,6.08111233124025,13.4018381288728,0.000251377838367304,0.00978454963220834
"AT2G02010",-1.98051801634017,5.03501816116377,13.3991383260511,0.000251739916914797,0.00978454963220834
"AT1G75750",1.44088713534566,8.15770700664857,13.3892976678938,0.000253064132082537,0.00980584698302638
"AT4G29700",-2.21041604518556,3.92396760950709,13.3735460984218,0.000255198381808317,0.00985830568502343
"AT5G36220",-1.46860521014227,6.12768123705885,13.3315016818021,0.000260984433667099,0.0100510834331792
"AT5G24490",1.79915137793366,7.90424059741325,13.3040872736059,0.000264828177428691,0.0101681140950736
"AT2G38470",-1.6346717536612,7.55648051179864,13.2831026343186,0.000267808925092552,0.010249656254804
"AT4G23190",-1.79735258940083,4.69172269964208,13.2777492040967,0.000268574748285316,0.010249656254804
"AT4G22890",1.47135090340895,7.62324288515932,13.2590888491714,0.000271261463487196,0.0103061031451931
"AT4G18760",1.47668045931199,6.14329361649796,13.2521595869047,0.000272266021450858,0.0103061031451931
"AT4G09010",1.46402499054486,7.80156851410765,13.2505392972766,0.000272501460615461,0.0103061031451931
"AT4G38770",1.78235110759566,11.1822544375745,13.2280276442018,0.000275793871379362,0.0103994871142212
"AT5G54770",1.66998918903336,11.0264560247063,13.2060502574713,0.0002790468262845,0.0104908318738863
"AT5G62140",1.51580813663067,6.17272125270171,13.1315900752901,0.000290358245178915,0.0108836954097924
"AT5G01550",-2.45194415977232,3.95291714755996,13.1185724567022,0.000292382738370577,0.0109271560683347
"AT4G03460",-4.08328778487104,3.10120430426393,13.0986489841324,0.000295508819315091,0.0110114082760715
"AT5G42070",1.80353734593098,4.61077770300576,13.0901441235611,0.000296853511307909,0.0110289810436515
"AT5G03940",1.49958420114555,6.07254360090914,13.0742110834293,0.000299389289528052,0.0110905733293793
"AT2G27385",2.27738369656177,6.96804807269853,13.0108319212256,0.000309694325186766,0.0114387681747346
"AT1G30620",-2.00422612088355,4.48660510288445,12.9412121984109,0.000321426806635296,0.0118375026863471
"AT1G66920",-1.44392103567651,5.48686953016406,12.9321017288782,0.000322994932319853,0.0118429686213973
"AT4G23890",1.48012506304537,7.5730309511307,12.9294645035245,0.000323450298795288,0.0118429686213973
"AT1G60000",1.42203164070426,7.10394280130592,12.9176331037493,0.000325501192150423,0.0118684681254142
"AT3G45780",1.4034480392769,6.76780470163615,12.9146185233063,0.000326025842267157,0.0118684681254142
"AT1G80840",-1.92879066405521,5.44699130424323,12.8332564800533,0.00034051260498012,0.0123602161669795
"AT4G15660",-1.55950882758328,6.94990221396657,12.7925898820141,0.000347995017816588,0.0125956248282497
"AT5G44020",1.42027701872043,7.47685211802713,12.7820629964368,0.000349958776080328,0.0126305121698477
"AT1G44350",-1.43635240051845,6.80576526810651,12.7214973869496,0.000361476226893576,0.0130090247809677
"AT5G47230",-1.95181725140812,4.28658577931542,12.7120791159471,0.000363301288453313,0.013037562146995
"AT1G78170",2.2038568552847,3.92341736188154,12.6967430641663,0.00036629300055424,0.0131076860708248
"AT2G37220",1.36207788088925,9.88407153600014,12.676236171458,0.000370332292195016,0.013214795240134
"AT5G13080",-2.0769239952998,4.61357981400697,12.6242012227659,0.000380784559489294,0.0135494945224472
"AT2G44790",-2.39961582765192,3.66547884327268,12.6157536003311,0.000382509294487887,0.0135726331684578
"AT1G01620",1.40130648068631,7.30787041523898,12.5399337364653,0.00039834642714451,0.0140716516072561
"AT3G08600",1.84024521914087,5.49313357782955,12.5378037361666,0.000398800765943451,0.0140716516072561
"AT1G49380",1.46542972314066,5.37688824463334,12.5109672205689,0.000404570105090962,0.0142142071150131
"AT1G71697",-1.72510834933592,6.18026424456396,12.5085614260299,0.000405091399731216,0.0142142071150131
"AT3G62750",1.42911675015219,6.01723488869143,12.4963244645869,0.000407753448606409,0.0142679821684104
"AT1G14540",-3.30040399094965,4.64438229706646,12.4834388512638,0.000410575686006836,0.0143270499050783
"AT1G30900",-1.65499489279534,4.91865149139386,12.4373438501626,0.000420833853641549,0.0146236778626494
"AT2G24270",1.3704479866202,6.33065412210826,12.4348701997071,0.00042139160402188,0.0146236778626494
"AT2G37710",-1.43842535644795,8.18870879703419,12.416427221409,0.000425573642912272,0.0147283459103228
"AT2G34600",-1.7390277178564,4.74827003859485,12.3888271257748,0.000431910466342031,0.0149068115050069
"AT2G38230",1.43479531267255,6.4923331519086,12.3722397381728,0.000435764550326412,0.0149988495905265
"AT5G05740",1.68947573285956,4.63131907279416,12.2947034630106,0.00045424553659653,0.0155924717888244
"AT3G50440",1.97445181612343,4.45023842258391,12.2699331685969,0.000460314755588768,0.0157579837197759
"AT1G15125",-1.62752589555058,7.07364122212287,12.2480752423026,0.00046573832300726,0.0159005580979127
"AT2G40840",1.34960593669624,6.80021526377979,12.1995177153219,0.000478018723130321,0.0162758288694938
"AT3G62150",-2.16836135849053,4.04499791624819,12.1931651696421,0.00047964930045141,0.0162874461379092
"AT1G52760",-1.34978489480594,6.03873364256294,12.186166840992,0.000481452137264445,0.0163048348469825
"AT3G48850",-2.21988502331341,3.81916896638787,12.1068522100374,0.000502368700053772,0.0169677043290889
"AT3G55240",1.90345322379956,4.48595678076355,12.0961398726678,0.000505263169134977,0.0170108283646416
"AT3G21080",-1.63718236034546,4.72846990050773,12.0921748505216,0.000506338779694841,0.0170108283646416
"AT5G44420",-2.44481742811129,3.63148585125503,12.0754077562908,0.000510912881533083,0.0171189695478141
"AT3G50685",1.58383323566221,6.22347990797959,12.0412726784381,0.000520354319469969,0.0173708987189393
"AT1G26380",-3.23988618645574,3.39273206533878,12.038310217779,0.000521181967580589,0.0173708987189393
"AT4G19100",1.73370480704241,4.46907204915647,12.0035691382908,0.000530987626054424,0.0176511465587355
"AT1G75900",1.59713743062685,4.76676906687563,11.9856572642931,0.000536115797407792,0.0177319997958497
"AT5G05600",-1.3898798367641,10.4651899160943,11.9809060578782,0.000537484438741702,0.0177319997958497
"AT5G40760",-1.30475336777483,6.4448626050133,11.9803976880204,0.000537631089440344,0.0177319997958497
"AT1G52342",2.11555152394624,4.52779650133947,11.9726043493239,0.000539884315746094,0.0177599444700642
"AT3G43540",1.73870021631247,4.29093666572607,11.9639337563231,0.000542402381085127,0.017796433449006
"AT1G71695",1.45884680565069,6.16322054677836,11.9516888735148,0.000545978680912919,0.0178673645007565
"AT3G55970",-1.3160935508791,9.81117345795528,11.9316714063312,0.000551876422416093,0.0180137027595868
"AT5G63530",1.87674335994983,7.28780360146578,11.8884389403085,0.000564834411851648,0.0183891450786341
"AT3G47450",2.01717013069672,4.23296344021479,11.8810373578333,0.000567083477002015,0.0184118634970417
"AT2G05310",1.54635846447039,7.00530068106446,11.8765633709442,0.000568447337226589,0.0184118634970417
"AT2G38240",-1.32094773478332,9.48752475341013,11.8409262114425,0.000579429981310419,0.0187195895752256
"AT3G54150",-2.04339599025415,3.77467202622627,11.82498267076,0.000584412583375363,0.0188323973295857
"AT4G20460",-2.09241205032293,3.75683561632454,11.8037206897257,0.000591124667783052,0.0190002208738817
"AT1G32550",1.84395983741647,4.23442269987131,11.791280008275,0.00059508804509855,0.0190790664611291
"AT2G39800",1.36979589518049,6.48806481038729,11.7385652722023,0.000612181980314332,0.0195774247476725
"AT5G25460",1.70553798224878,4.80522629480301,11.6867982770006,0.000629451202531001,0.0200510502461011
"AT4G31500",-1.50355198554428,9.43250169874501,11.6846842527984,0.000630166794466604,0.0200510502461011
"AT3G24590",1.36385748811758,5.57519869067409,11.6223835728844,0.000651628402243373,0.0206818341134128
"AT1G72520",-1.7613393768303,6.46219154871256,11.6115407400298,0.000655438322592315,0.0207506187744013
"AT5G07100",-1.386005680365,6.05332785849923,11.5983966469226,0.00066008703529088,0.020845548574486
"AT1G10290",-1.37100245560368,6.04005893783935,11.5897341514215,0.00066316891943003,0.0208906478559605
"AT2G26560",-1.47705988154892,7.10651848410664,11.5843713164958,0.000665084152476551,0.0208988632191139
"AT3G07460",1.32994550758006,5.46427031783178,11.5740707274038,0.00066877849478054,0.0209082579286764
"AT5G13490",-1.28328165792442,6.72761181953957,11.5707313828849,0.000669980606012641,0.0209082579286764
"AT1G43160",-1.44915591137498,7.95004671224952,11.5697101345682,0.000670348674882358,0.0209082579286764
"AT3G08970",-1.82338818069066,4.36900220317556,11.5601931095941,0.000673788548747177,0.0209637855856511
"AT3G63160",1.57727135018213,11.257049448682,11.4780229081808,0.000704240071046516,0.0218483274273911
"AT2G36380",-1.25832319689973,6.27739751385121,11.4742335172104,0.000705677453322954,0.0218483274273911
"AT3G53420",1.32276605031363,9.04736415314288,11.4680322092035,0.000708036114559693,0.0218677559880637
"AT1G21670",-1.38900476944323,7.57119616812241,11.4526599804936,0.000713917325841825,0.0219956186830096
"AT1G29700",1.3748902880522,5.16564358299488,11.3650322619015,0.000748397772143458,0.0230018507487011
"AT1G23740",1.34001104417756,5.91450236590091,11.3408697626285,0.00075819805739847,0.0232464996627609
"AT5G03120",2.23245471682893,4.2660326653035,11.3293557220864,0.000762913659578229,0.0233344439413854
"AT4G35630",-1.52228807539536,7.52160606837835,11.3052070784745,0.00077290027867743,0.0235827930440901
"AT4G39230",-1.93497709101008,5.3384742585026,11.2818650141095,0.000782678888625506,0.0238236137858251
"AT1G74950",-1.23834372638875,6.8926369827521,11.2641582665254,0.000790180027621294,0.0239941204541158
"AT1G14345",1.32475483956651,7.96306073048456,11.2370627564474,0.000801799443892058,0.0242885625305623
"AT2G42530",1.37766337172268,7.9980946274605,11.2102808730807,0.000813454066981708,0.0245826597466817
"AT5G65390",2.5321999922494,3.39711368190423,11.203344177877,0.000816500512856112,0.0246158340773232
"AT3G20510",-1.46506559208508,4.88040301021212,11.17810598293,0.000827682207632288,0.0248935277305025
"AT2G03750",1.62601679568378,4.31042413780374,11.1629080453195,0.000834490132580193,0.0249868522848198
"AT3G06980",1.40853541293151,5.42408374188823,11.1623498185261,0.000834741265373176,0.0249868522848198
"AT1G80820",-2.05229690714766,3.96229339497799,11.1442674356476,0.000842917539636902,0.0251719488432467
"AT1G54820",1.76719025519558,4.08680230977904,11.1265863891136,0.000850990616153323,0.0253530977906811
"AT3G04720",-1.36098099314022,5.13438118342381,11.1015090955179,0.000862575007599916,0.0256377588141227
"AT1G80300",-1.22760135391067,6.56638908237051,11.0640305045143,0.000880186004355915,0.026086495997156
"AT1G25390",-1.70930028800322,6.1707641414686,11.0606276765681,0.00088180286500836,0.026086495997156
"AT4G27820",1.43911981073767,4.83799993124564,11.0491658579582,0.000887271093277526,0.0261869356314993
"AT1G07720",1.39863704993491,5.84130471997563,11.0391215207818,0.000892091243174533,0.026267824204617
"AT3G01290",-1.49249949755614,8.21447173313058,11.0299601517592,0.00089651074858398,0.0263342005016779
"AT2G33780",-2.73940103924366,3.66201498906084,11.0258206698525,0.000898514915787141,0.0263342005016779
"AT1G09560",-1.45195289010598,10.2082223034939,11.0139099243313,0.000904306912382576,0.0264426039750387
"AT3G29034",-1.71166736805028,6.44537619036891,10.9831250766922,0.000919452545859211,0.0268233823540267
"AT4G02380",-1.80584750423334,6.59593147155663,10.9720350587072,0.000924971267092635,0.0269222051749174
"AT5G01590",1.47298835005442,5.39414192744409,10.9645659378998,0.000928706984302296,0.0269687968407048
"AT2G24600",-1.57746811314652,4.4815217307718,10.9520772273883,0.000934987382769089,0.0269866863481132
"AT3G52150",1.3173413666101,6.94866137574522,10.9508728701024,0.000935595302889977,0.0269866863481132
"AT3G03710",1.70501866121047,4.34021532173836,10.9506018539388,0.000935732158048892,0.0269866863481132
"AT3G02230",-1.49447708263844,7.03232196811458,10.945092618424,0.000938518551136403,0.0270053902914693
"AT5G64040",1.47441680566012,8.95135623547093,10.9099499675045,0.000956491088884471,0.0274599896245196
"AT4G37925",1.44533834450643,5.51695344580099,10.8991756622248,0.000962070651027411,0.0275575430017648
"AT4G11100",1.48540893840345,5.23913931054126,10.8931638639439,0.000965198202974839,0.0275845785067379
"AT4G23210",-1.46427511546993,8.63419050510381,10.8889156242284,0.00096741448628642,0.0275855074283748
"AT5G08000",2.92120528882985,3.29934114707637,10.8813614029069,0.000971368200800149,0.0276291185121303
"AT5G03210",-1.85964577386835,5.33555298967984,10.8776467131984,0.000973318376971025,0.0276291185121303
"AT3G55470",-1.2860746985362,7.40458613184791,10.8596877635026,0.000982802638356651,0.0278357913177606
"AT5G67360",1.26418876992087,8.32000436050724,10.8466901400881,0.000989725030882015,0.0279691422597351
"AT3G55760",1.24460725085893,6.50981598606077,10.8361791536459,0.000995359112665773,0.028065572123201
"AT1G02400",-1.64299860118257,4.81224391598423,10.8279873511858,0.000999772549523758,0.0281272312819245
"AT5G67450",-2.21485368763321,4.16485290678679,10.7983572315345,0.00101590206007139,0.0285174996062706
"AT4G19230",-1.60692726519622,4.74826931491922,10.7882002490801,0.00102149149542402,0.0285880517520265
"AT3G16250",1.42506697547967,6.04877409232628,10.7819449571234,0.00102494927710444,0.0285880517520265
"AT2G17720",-1.2440368791791,6.34615556205716,10.7814834925891,0.00102520483246263,0.0285880517520265
"AT1G68560",1.26084057579664,7.81940524198599,10.7715507557999,0.00103072115131738,0.0286352713038258
"AT4G16563",1.68093069181189,5.61229303415576,10.7702747893828,0.00103143195402476,0.0286352713038258
"AT5G51640",-1.53586846183802,4.69962441856559,10.7622027254113,0.00103594016231264,0.0286973599349413
"AT3G12630",-1.32155346201879,6.95065472461743,10.7575272323559,0.0010385605116735,0.0287069942745287
"AT4G23700",-2.28621444708986,3.65131285353325,10.7461286404559,0.00104497690618735,0.0288212844518746
"AT5G22300",-2.24042111905195,3.74415729364679,10.7408119013628,0.00104798345562083,0.0288412353189593
"AT5G64770",1.39627639659653,6.08137135780385,10.6936680240191,0.00107502845597865,0.0295212162085266
"AT3G52840",1.44042716614685,5.61200455533442,10.6821167502621,0.00108176207118716,0.0296303563489337
"AT3G56910",1.34080972110122,7.33973354339127,10.6752498049891,0.00108578524177198,0.0296303563489337
"AT4G25845",-2.4183898418594,3.93653665264322,10.67399349676,0.0010865229173299,0.0296303563489337
"AT1G51680",-1.53728927949759,7.83543348091719,10.6670475726074,0.00109061056514637,0.0296303563489337
"AT5G05440",-1.46078934801794,4.78530144731229,10.6668430940098,0.00109073113539061,0.0296303563489337
"AT5G38430",1.25297059374854,8.1283643507497,10.6455331194774,0.00110337071719926,0.0299093967803885
"AT2G16430",-1.39071116223954,6.65320883826868,10.6320088503903,0.00111146912006166,0.0300644066908329
"AT3G59400",1.46767777900586,8.22680139286177,10.60476055504,0.00112796864026387,0.0304455125295155
"AT5G42050",-1.33879669227219,9.08433361573473,10.5981488850527,0.00113200939136973,0.0304894299185126
"AT1G22410",-1.23581781337003,7.75407233648434,10.5633745843149,0.00115350419280117,0.0310022658797114
"AT3G08940",1.3137461897312,9.53251390415199,10.5529855995038,0.00116000563284503,0.0311108092443704
"AT5G52830",-1.68829375581606,5.37739515936159,10.5434657229327,0.00116599573290299,0.0311595385967221
"AT5G18860",-1.57462822228933,4.85910886089213,10.5422609991485,0.00116675599716985,0.0311595385967221
"AT2G36880",-1.3581827460567,8.45969235205325,10.5283591849051,0.00117556537891993,0.0313285693386424
"AT5G67420",-1.71913182974532,7.64189109490313,10.5184863480498,0.00118186249696966,0.0314300780246753
"AT5G38980",1.28753195766097,6.45095041532347,10.4984053693638,0.00119477611366932,0.0316688575184388
"AT1G21000",-1.32826726411719,6.79937755193903,10.4967370559483,0.00119585537019437,0.0316688575184388
"AT2G42690",1.40704513005778,6.23519738900838,10.485207020777,0.0012033413376127,0.0318004346793381
"AT1G62750",1.27768374925786,7.29521207009067,10.4659070721574,0.00121597826233294,0.0320673014818156
"AT5G56100",1.93389798894882,4.09963676254697,10.4374741351053,0.00123484023870717,0.0324968789486437
"AT2G02950",1.64973761611404,4.36954353481915,10.4312990294954,0.00123897569035054,0.0325379229116592
"AT1G50450",1.39740054087331,4.99323640672328,10.4006726811865,0.0012596941601946,0.0330133955011996
"AT5G14910",1.2085067311071,6.60395676534903,10.3940171644921,0.00126424274292841,0.0330640048212664
"AT5G06060",1.58564194120327,4.6722707046719,10.3690094547452,0.00128148285696592,0.0334456434900691
"AT5G14920",1.2786351700071,6.93240824586698,10.3356427554529,0.00130485677090482,0.0339036448576027
"AT5G03630",-1.30713338832663,7.44359506700205,10.3327818911325,0.00130688082907156,0.0339036448576027
"AT2G05070",1.33094291530005,8.66709118197178,10.3302355696684,0.00130868502144799,0.0339036448576027
"AT5G44910",-2.64887102948664,3.62481261226708,10.3287100211784,0.00130976715409358,0.0339036448576027
"AT5G65200",-1.50034497693392,4.73136974722627,10.3056635912947,0.00132622554466322,0.0341772132308154
"AT5G10690",1.71689940607247,4.07267076786178,10.3043866454223,0.00132714356069114,0.0341772132308154
"AT1G70700",-1.24526003916464,8.69815369040542,10.3025675080368,0.00132845247754357,0.0341772132308154
"AT3G54890",1.27153986558147,10.8212072556427,10.2860173336023,0.00134042094957305,0.0344150354370056
"AT3G07310",1.34742890598355,5.63333232397347,10.2654591829031,0.00135543997391851,0.0347300562891251
"AT1G64720",1.52112832269067,10.2588624066795,10.2418540262334,0.00137289527770885,0.0351060994899154
"AT5G64620",1.25589963662828,6.57968085838775,10.2199449224311,0.00138929999819614,0.0354398092868996
"AT2G40540",1.36848133575823,5.09823676799878,10.2169514020988,0.0013915567927725,0.0354398092868996
"AT4G02630",1.59159145244572,4.41985243028452,10.2081790137924,0.00139819163439156,0.0355371362688817
"AT4G08685",1.42835717557639,4.97561092021896,10.1827978541134,0.00141756918570209,0.0358963325734994
"AT2G30150",1.45196934473402,4.81238298519072,10.1822278920009,0.00141800743779102,0.0358963325734994
"AT5G25440",-1.45547158140857,5.7472080428457,10.1733411751452,0.0014248583340319,0.0359539695876041
"AT4G12120",-1.54544303682692,4.35915762364082,10.1718944714203,0.00142597678620881,0.0359539695876041
"AT1G22850",1.2389107729702,7.00376414626539,10.124007900822,0.00146350412226351,0.0368266614988699
"AT1G78370",1.22749000824226,6.74712350655824,10.0922866189278,0.0014889123464595,0.0373915323269909
"AT3G13950",-2.36736081175949,3.42246329271014,10.0821862278656,0.00149709599864821,0.037396921544975
"AT1G65230",1.21793469837025,7.1060588562507,10.0811473534562,0.00149794030648955,0.037396921544975
"AT4G08850",-1.54482334862774,8.25749419229958,10.0810635751862,0.00149800841527528,0.037396921544975
"AT4G39830",-1.87944482347728,5.02271301532036,10.0742458023743,0.00150356154989357,0.0374615177480387
"AT3G58620",-1.28199425966449,5.61376283640501,10.0588397958412,0.00151618677980117,0.0377017153591503
"AT2G30550",-1.40195352905895,5.69274874518121,10.0329963866111,0.00153760707099739,0.0381592387442809
"AT2G33800",1.2596769277801,8.19953185323559,10.0290724424508,0.00154088612570711,0.0381602092626026
"AT5G58140",1.24124409570058,7.09045352378142,10.0249831055918,0.00154431092812014,0.0381602092626026
"AT1G78850",-1.33149966885736,8.20943973980129,10.0195250577811,0.00154889403558641,0.0381602092626026
"AT1G64510",1.18040587085293,7.05510489587677,10.0165291779988,0.00155141552092921,0.0381602092626026
"AT2G32690",1.71537013955134,10.2375367368678,10.014944726173,0.00155275075688551,0.0381602092626026
"AT4G14365",-1.27033454766159,7.13950959170964,10.0091199212978,0.00155766940007781,0.0382067570131708
"AT1G49450",-1.63573698313723,5.14806423124022,9.99636403488778,0.00156849605410341,0.038263555997836
"AT5G38870",1.69073783162331,7.66390090812782,9.99594049368807,0.00156885684237697,0.038263555997836
"AT1G22370",1.7625477041473,4.84905364331059,9.99568754168698,0.00156907235646604,0.038263555997836
"AT2G26330",2.0029001696594,3.58712484905539,9.97977099177508,0.00158269367587431,0.0384626688032935
"AT3G13750",1.46541230506899,7.58916420302983,9.97903422771394,0.00158332708816598,0.0384626688032935
"AT2G25080",1.25909056085523,7.55416872998802,9.96363811587335,0.00159662237237158,0.0386383379118739
"AT2G05920",1.42345682653024,5.8527684278037,9.96357617199695,0.0015966760916718,0.0386383379118739
"AT1G75690",1.30481894245089,7.38462174407313,9.9583764382497,0.00160119196599669,0.0386735313852202
"AT2G06925",1.51632824876596,4.66793893860476,9.95240617686545,0.00160639298795296,0.0387251072973699
"AT1G51100",1.43000138201354,5.31111510222937,9.94584956157688,0.00161212453464015,0.0387889769960961
"AT1G07230",-1.2651250654611,5.9163764967986,9.94235955472291,0.00161518381095207,0.0387889769960961
"AT4G10340",1.27263880658063,11.0925934211218,9.90666434130742,0.00164681330050556,0.0394735210853628
"AT4G23270",-1.32321822462496,6.37622650341071,9.89185535309146,0.00166011901961047,0.0397170898782566
"AT4G33430",-1.18588570466393,6.4051612675326,9.88117218119352,0.00166978531681465,0.0398728319886628
"AT2G40815",1.6518794744992,4.40189991481174,9.87160467740461,0.00167849053459472,0.0400050800622651
"AT1G48480",1.706445516177,4.15566588679123,9.8605815207338,0.00168857723737447,0.040169694279688
"AT1G24140",-1.5949866918104,4.43418823485761,9.85559568841211,0.00169315965612185,0.0402029939400963
"AT5G20230",-1.32869062396627,9.27193016235274,9.85030171182515,0.00169803907949562,0.0402432076026054
"AT2G35910",-1.63195683023208,5.48032653129486,9.84264159402347,0.001705124593682,0.0403354566805076
"AT1G61800",-1.52810819365864,4.96928946774613,9.836161897182,0.00171114161706768,0.0403758962570694
"AT1G26761",1.90368631757213,4.4662299477848,9.83392180747636,0.00171322675694975,0.0403758962570694
"AT5G62360",1.34043882609409,7.2247380654625,9.80163867568583,0.00174356434164438,0.0410143477907855
"AT5G13730",1.19170949755322,5.85178433683513,9.79589126132954,0.00174902220063201,0.0410662610378877
"AT2G38860",-1.35712625518305,7.33237385974888,9.78717213318473,0.00175733513097582,0.0411848930881011
"AT3G07540",1.90706408973028,3.8125960572285,9.77809745359558,0.00176602957370397,0.041312010324127
"AT1G43670",1.2546898408975,7.20384631429033,9.77261794854989,0.00177130057692643,0.0413587225281602
"AT5G13330",-1.23408693055068,5.93034948840139,9.7586532877394,0.00178480607046865,0.0415971776423615
"AT5G11670",-1.22409948212139,8.82534749573531,9.73986192334408,0.00180314441772806,0.0419471828448267
"AT1G26150",1.24028022173466,8.17368147940948,9.73179174794105,0.00181107854290841,0.04198902356239
"AT5G10625",-1.37074401023414,5.48740737311269,9.73127170954236,0.00181159102608475,0.04198902356239
"AT1G64770",1.37541214100247,6.32119207031754,9.72787239206312,0.00181494457976272,0.0419897068343638
"AT1G52890",-1.17203393175395,7.49104631450275,9.72383176614739,0.00181893899332188,0.042005187136457
"AT4G32340",1.22088899521073,7.25193881141383,9.71988028624142,0.00182285389739879,0.0420187781604773
"AT1G13340",-1.50571369975933,4.95047917180709,9.68793020198006,0.00185482357575023,0.0426778349888469
"AT3G28130",1.44671797944165,4.77612083082893,9.68257101095558,0.00186024144582111,0.0427246726247495
"AT1G33240",1.16338487361979,6.56137923375975,9.67787889040696,0.00186499810994128,0.042756181714661
"AT1G32960",-1.96637740593598,3.99520038769534,9.67318979447106,0.00186976402437321,0.0427877883258739
"AT3G11340",-1.85347198926104,8.61127453005387,9.6612694289378,0.00188193533035571,0.0429884395896083
"AT3G25530",1.44571720778915,5.25687013574785,9.6304844642765,0.00191374122496856,0.0436360634545178
"AT1G45474",1.17160264762671,6.02555643346169,9.62434313048151,0.00192015113328024,0.0436570638497873
"AT5G66070",-1.27808876041483,5.88518573032661,9.62298234242503,0.00192157437464231,0.0436570638497873
"AT5G15870",-1.25613806686397,5.9204669620364,9.6062485148433,0.00193916388520311,0.0439224040618605
"AT4G37640",-1.35762546290935,5.80700814132919,9.60152117273446,0.00194416246529931,0.0439224040618605
"AT4G19530",1.61445119967371,5.13841685101548,9.59821083800565,0.00194767050932756,0.0439224040618605
"AT2G48020",1.42792997176774,4.97759236050795,9.59515849608484,0.00195091083819106,0.0439224040618605
"AT4G24015",-1.67284988384408,5.29914294148135,9.58963410544182,0.00195678936727074,0.0439224040618605
"AT4G34050",-1.24121003815458,8.14446798396161,9.58874173234487,0.00195774062878097,0.0439224040618605
"AT1G53430",-1.21989136293747,5.61830078421059,9.5879035518552,0.00195863454844446,0.0439224040618605
"AT5G02890",1.87103754458587,3.78211930100447,9.58562195167209,0.00196106997236299,0.0439224040618605
"AT2G31020",-1.57804377696026,4.3436375675663,9.57796494705684,0.00196926566930263,0.044027900769258
"AT5G47910",-1.27245662436161,5.8806431689565,9.57190898479437,0.00197577227255294,0.0440953274680012
"AT3G48520",-1.17167982468676,8.35064837048496,9.54467683278973,0.00200530129666786,0.0446754250079514
"AT1G02300",1.51442696553725,4.5458536429377,9.54020328290089,0.00201019478111641,0.0447055994279269
"AT1G63720",-1.67155027629183,4.41272451353019,9.53065374362148,0.00202068128924135,0.0448079320861549
"AT2G30424",2.27411224805933,3.52913914092599,9.5295557729454,0.00202189053903644,0.0448079320861549
"AT2G47650",-1.36331171075993,6.56980891241335,9.51555511565997,0.00203737464720395,0.0450720079570583
"AT2G28605",1.24649983852954,5.80169090261017,9.51003757005632,0.00204350978878316,0.0451286986921483
"AT3G44890",1.27651359366489,5.85200526911896,9.46260087734894,0.00209703522555278,0.0462299283929891
"AT5G06870",-1.48818406125559,9.67238377287599,9.44439460247315,0.00211795397963121,0.0466097468130687
"AT3G57330",-1.22102392771704,5.87428566004454,9.43987483627774,0.00212317983698838,0.0466434916536299
"AT4G16442",1.75258769488599,3.86453244319091,9.4361936775599,0.00212744573837324,0.0466560669568243
"AT1G13270",1.34822899247023,4.7733015983509,9.43077927628219,0.00213373600412451,0.0467129171648194
"AT5G64380",1.73754811854143,4.32717442136349,9.41311563273886,0.00215438846858567,0.0469987364683467
"AT5G38410",1.15801405398047,10.3489135933287,9.41233838739909,0.00215530187228092,0.0469987364683467
"AT5G20050",-1.3759698283824,6.35581742915592,9.40953678222007,0.00215859752516949,0.0469987364683467
"AT4G24240",-1.54419645010632,5.20837724832638,9.40692541599328,0.00216167399367554,0.0469987364683467
"AT4G14740",1.44566282959528,4.50749471116852,9.35856960545441,0.00221945288140332,0.0481720426080529
"AT3G18830",-1.52911623777895,7.61407516404372,9.34893646386747,0.00223114905807588,0.0482931990450976
"AT3G47070",1.22401249254052,8.82975570089942,9.34184698479961,0.00223979674365277,0.0482931990450976
"AT5G52310",1.2296719103875,10.8354701688285,9.34176246735404,0.00223990004212875,0.0482931990450976
"AT5G28500",1.31594885230905,8.47072380580701,9.34141292051389,0.00224032731478999,0.0482931990450976
"AT3G25920",1.24840575414507,7.78231596879886,9.33419398882613,0.00224916996958987,0.0483361171686606
"AT5G56980",-1.32224206790694,5.4959922244522,9.33354126168103,0.00224997125515931,0.0483361171686606
"AT3G50480",-1.51542213906596,9.23187885278058,9.30937124597691,0.00227984708033828,0.0488947849216183
"AT1G20190",2.2006059262453,3.62397644593286,9.30284643545771,0.00228798097021362,0.0489060895386465
"AT1G76955",1.8895845751231,4.52782108435164,9.29882412111959,0.00229300988722342,0.0489060895386465
"AT5G23210",1.49279729299128,4.64089151013299,9.29594713717873,0.00229661372713412,0.0489060895386465
"AT4G05180",1.1737271407537,9.38039718184672,9.29356953137014,0.00229959635981415,0.0489060895386465
"AT4G17560",1.29494909506096,5.78713501279642,9.29182051205995,0.00230179295870722,0.0489060895386465
"AT3G53960",-1.19428393135364,5.67597870377127,9.29037991652708,0.0023036038058498,0.0489060895386465
"AT1G48850",-1.28074572456739,7.38681298237713,9.28235656788682,0.00231371573227802,0.0490383508894898
"AT1G74790",-1.29646888450005,5.29246976027219,9.2638944619318,0.00233715513514625,0.0494521669466792
